S_ID,Name,Dept_ID,Batch
ST0001,Priya Shaikh,D09,2025-2028
ST0002,Ananya Gupta,D07,2024-2027
ST0003,Karan Nair,D01,2023-2026
ST0004,Meera Sharma,D04,2024-2027
ST0005,Pooja Khan,D03,2025-2028
ST0006,Aarav More,D10,2023-2026
ST0007,Rohan Mishra,D06,2024-2027
ST0008,Ishaan Pawar,D01,2023-2026
ST0009,Sneha Shah,D04,2023-2026
ST0010,Ishaan Pawar,D02,2024-2027
ST0011,Sneha Kulkarni,D08,2023-2026
ST0012,Riya Pawar,D10,2023-2026
ST0013,Diya Sharma,D01,2024-2027
ST0014,Pooja Shah,D04,2023-2026
ST0015,Siddhesh Sharma,D09,2023-2026
ST0016,Meera Shaikh,D04,2025-2028
ST0017,Aditya Sharma,D07,2024-2027
ST0018,Siddhesh Mehta,D03,2025-2028
ST0019,Rahul Sawant,D10,2023-2026
ST0020,Rohan More,D03,2025-2028
ST0021,Diya More,D02,2025-2028
ST0022,Karan Mishra,D04,2023-2026
ST0023,Karan Deshmukh,D07,2023-2026
ST0024,Vivaan Mehta,D04,2025-2028
ST0025,Rahul Kulkarni,D02,2024-2027
ST0026,Kabir Joshi,D04,2023-2026
ST0027,Ananya Shah,D04,2025-2028
ST0028,Aryan Pawar,D04,2024-2027
ST0029,Aarav Kulkarni,D01,2025-2028
ST0030,Aryan Pawar,D10,2023-2026
ST0031,Riya Singh,D05,2023-2026
ST0032,Ananya Nair,D07,2024-2027
ST0033,Diya Tiwari,D08,2025-2028
ST0034,Priya Verma,D10,2025-2028
ST0035,Neha Shah,D01,2024-2027
ST0036,Aarav Patil,D07,2023-2026
ST0037,Ananya Deshmukh,D01,2023-2026
ST0038,Sneha Gupta,D02,2024-2027
ST0039,Rohan Gupta,D06,2025-2028
ST0040,Diya Verma,D10,2024-2027
ST0041,Diya Sawant,D05,2025-2028
ST0042,Siddhesh Nair,D05,2025-2028
ST0043,Aditya Sawant,D03,2025-2028
ST0044,Rohan Shaikh,D01,2024-2027
ST0045,Riya Deshmukh,D10,2025-2028
ST0046,Aditya Sharma,D10,2023-2026
ST0047,Aryan Mishra,D01,2024-2027
ST0048,Priya Verma,D10,2024-2027
ST0049,Priya Khan,D05,2023-2026
ST0050,Sneha Mehta,D10,2024-2027
ST0051,Karan More,D07,2023-2026
ST0052,Rohan Kulkarni,D01,2024-2027
ST0053,Vivaan Shah,D08,2023-2026
ST0054,Vinayak Shaikh,D05,2024-2027
ST0055,Ishaan Verma,D01,2023-2026
ST0056,Pooja Tiwari,D05,2025-2028
ST0057,Riya Patel,D06,2025-2028
ST0058,Meera Shah,D06,2025-2028
ST0059,Kabir Pawar,D01,2025-2028
ST0060,Pooja Pawar,D09,2023-2026
ST0061,Ishaan Singh,D01,2024-2027
ST0062,Diya Singh,D06,2024-2027
ST0063,Karan Yadav,D06,2023-2026
ST0064,Aryan Mehta,D04,2024-2027
ST0065,Ishaan Sawant,D07,2023-2026
ST0066,Ananya Kulkarni,D07,2024-2027
ST0067,Karan Kulkarni,D07,2023-2026
ST0068,Ananya Mehta,D05,2025-2028
ST0069,Priya Singh,D04,2023-2026
ST0070,Ishaan Verma,D10,2025-2028
ST0071,Vinayak Verma,D02,2023-2026
ST0072,Aarav Nair,D02,2023-2026
ST0073,Sneha Sawant,D06,2023-2026
ST0074,Vinayak Verma,D04,2023-2026
ST0075,Aarav More,D06,2023-2026
ST0076,Diya Sharma,D04,2024-2027
ST0077,Karan Nair,D08,2024-2027
ST0078,Kabir More,D07,2025-2028
ST0079,Sneha Singh,D04,2024-2027
ST0080,Rohan Nair,D09,2025-2028
ST0081,Meera Patel,D07,2025-2028
ST0082,Neha Shah,D03,2023-2026
ST0083,Diya Verma,D08,2023-2026
ST0084,Diya Pawar,D05,2024-2027
ST0085,Kabir Sawant,D09,2023-2026
ST0086,Priya Sawant,D10,2024-2027
ST0087,Aditya Gupta,D06,2025-2028
ST0088,Vivaan Patil,D07,2025-2028
ST0089,Rohan Nair,D07,2025-2028
ST0090,Vinayak Kulkarni,D08,2025-2028
ST0091,Karan Nair,D09,2024-2027
ST0092,Aarav Sharma,D10,2024-2027
ST0093,Sneha Yadav,D10,2025-2028
ST0094,Neha Yadav,D09,2025-2028
ST0095,Ishaan Yadav,D01,2025-2028
ST0096,Priya Nair,D03,2023-2026
ST0097,Neha Deshmukh,D04,2025-2028
ST0098,Ishaan Patel,D01,2024-2027
ST0099,Aditya Nair,D04,2023-2026
ST0100,Aisha Patel,D01,2025-2028
ST0101,Vivaan Yadav,D08,2023-2026
ST0102,Aarav Mishra,D03,2024-2027
ST0103,Vivaan Nair,D06,2024-2027
ST0104,Aryan More,D03,2025-2028
ST0105,Aryan Yadav,D10,2023-2026
ST0106,Meera Sharma,D06,2024-2027
ST0107,Aisha Shah,D10,2025-2028
ST0108,Rahul Verma,D08,2024-2027
ST0109,Ishaan Gupta,D02,2025-2028
ST0110,Neha Tiwari,D03,2024-2027
ST0111,Priya Patel,D01,2023-2026
ST0112,Siddhesh Shah,D03,2024-2027
ST0113,Aarav Yadav,D07,2024-2027
ST0114,Diya Patel,D03,2025-2028
ST0115,Aditya Singh,D09,2025-2028
ST0116,Rahul Deshmukh,D04,2025-2028
ST0117,Ananya Tiwari,D03,2023-2026
ST0118,Vinayak Mishra,D02,2024-2027
ST0119,Vivaan Shah,D04,2024-2027
ST0120,Meera Gupta,D08,2024-2027
ST0121,Ishaan More,D08,2023-2026
ST0122,Priya Mishra,D01,2024-2027
ST0123,Kabir Patel,D05,2024-2027
ST0124,Aditya Singh,D05,2025-2028
ST0125,Pooja Verma,D07,2024-2027
ST0126,Aarav Kulkarni,D02,2024-2027
ST0127,Neha Mishra,D05,2024-2027
ST0128,Ananya Tiwari,D02,2024-2027
ST0129,Riya Sharma,D03,2025-2028
ST0130,Aarav Singh,D02,2024-2027
ST0131,Aryan Khan,D04,2023-2026
ST0132,Sneha Tiwari,D06,2023-2026
ST0133,Aryan Sawant,D05,2024-2027
ST0134,Priya Pawar,D08,2023-2026
ST0135,Rahul Tiwari,D03,2023-2026
ST0136,Neha Patel,D09,2023-2026
ST0137,Riya More,D09,2025-2028
ST0138,Meera Patil,D07,2023-2026
ST0139,Neha Tiwari,D07,2025-2028
ST0140,Diya Kulkarni,D05,2023-2026
ST0141,Priya Joshi,D02,2024-2027
ST0142,Neha Deshmukh,D01,2025-2028
ST0143,Ishaan Shaikh,D02,2023-2026
ST0144,Diya Deshmukh,D03,2025-2028
ST0145,Neha Patil,D09,2023-2026
ST0146,Neha Yadav,D09,2023-2026
ST0147,Rahul Verma,D03,2025-2028
ST0148,Vinayak Shah,D01,2023-2026
ST0149,Rohan Gupta,D07,2024-2027
ST0150,Pooja Shaikh,D08,2024-2027
ST0151,Vivaan Patil,D08,2023-2026
ST0152,Meera Sharma,D01,2024-2027
ST0153,Siddhesh Singh,D05,2023-2026
ST0154,Diya Mehta,D05,2024-2027
ST0155,Pooja Verma,D08,2024-2027
ST0156,Aryan Patil,D08,2025-2028
ST0157,Meera Sharma,D10,2023-2026
ST0158,Karan Sharma,D06,2024-2027
ST0159,Vivaan Gupta,D01,2024-2027
ST0160,Aryan Shaikh,D07,2025-2028
ST0161,Pooja Deshmukh,D02,2023-2026
ST0162,Vivaan Verma,D10,2024-2027
ST0163,Diya More,D09,2024-2027
ST0164,Diya Mishra,D07,2025-2028
ST0165,Meera Tiwari,D04,2024-2027
ST0166,Sneha Pawar,D09,2023-2026
ST0167,Riya Sawant,D05,2023-2026
ST0168,Aisha Sawant,D04,2024-2027
ST0169,Aarav Pawar,D06,2024-2027
ST0170,Vinayak Mishra,D10,2024-2027
ST0171,Karan Pawar,D05,2023-2026
ST0172,Riya More,D06,2025-2028
ST0173,Meera Kulkarni,D02,2025-2028
ST0174,Vivaan Mishra,D02,2023-2026
ST0175,Aditya Deshmukh,D09,2024-2027
ST0176,Meera Gupta,D10,2023-2026
ST0177,Rahul Sawant,D10,2024-2027
ST0178,Meera Sawant,D04,2023-2026
ST0179,Ananya Tiwari,D09,2024-2027
ST0180,Diya Singh,D01,2023-2026
ST0181,Vinayak Nair,D04,2023-2026
ST0182,Ananya Singh,D05,2023-2026
ST0183,Meera Sawant,D10,2024-2027
ST0184,Aarav Pawar,D10,2024-2027
ST0185,Meera Singh,D10,2025-2028
ST0186,Siddhesh Kulkarni,D02,2025-2028
ST0187,Aditya Mishra,D01,2024-2027
ST0188,Diya Shah,D05,2024-2027
ST0189,Sneha Yadav,D02,2023-2026
ST0190,Ishaan Mishra,D04,2024-2027
ST0191,Priya Shaikh,D02,2024-2027
ST0192,Pooja Khan,D08,2023-2026
ST0193,Ishaan Deshmukh,D07,2024-2027
ST0194,Priya Kulkarni,D04,2023-2026
ST0195,Rohan Deshmukh,D01,2025-2028
ST0196,Ananya Kulkarni,D06,2023-2026
ST0197,Siddhesh Shaikh,D01,2025-2028
ST0198,Priya Mehta,D10,2024-2027
ST0199,Aditya Pawar,D07,2023-2026
ST0200,Meera Tiwari,D05,2025-2028
ST0201,Diya Shaikh,D01,2023-2026
ST0202,Aarav Shaikh,D05,2023-2026
ST0203,Rohan Shah,D07,2023-2026
ST0204,Meera Sawant,D07,2024-2027
ST0205,Kabir Gupta,D01,2024-2027
ST0206,Diya Shah,D06,2025-2028
ST0207,Meera Mehta,D01,2023-2026
ST0208,Aisha Singh,D04,2025-2028
ST0209,Aryan Nair,D06,2023-2026
ST0210,Meera Singh,D07,2023-2026
ST0211,Siddhesh Patel,D02,2025-2028
ST0212,Kabir Mishra,D10,2024-2027
ST0213,Aryan Nair,D09,2024-2027
ST0214,Riya Sharma,D04,2025-2028
ST0215,Aarav Deshmukh,D09,2025-2028
ST0216,Riya Tiwari,D04,2023-2026
ST0217,Ananya Patil,D05,2024-2027
ST0218,Aryan Shaikh,D01,2023-2026
ST0219,Ananya Mishra,D08,2024-2027
ST0220,Diya Tiwari,D04,2025-2028
ST0221,Diya Khan,D03,2024-2027
ST0222,Karan Shah,D07,2025-2028
ST0223,Vinayak More,D03,2025-2028
ST0224,Rahul Pawar,D08,2025-2028
ST0225,Ananya Singh,D04,2024-2027
ST0226,Aisha Patil,D06,2024-2027
ST0227,Kabir Shah,D09,2024-2027
ST0228,Ananya More,D03,2025-2028
ST0229,Vinayak Joshi,D04,2023-2026
ST0230,Aarav Mehta,D02,2024-2027
ST0231,Aisha Khan,D10,2024-2027
ST0232,Meera Nair,D06,2024-2027
ST0233,Riya Patil,D01,2023-2026
ST0234,Ishaan Mishra,D10,2025-2028
ST0235,Aisha Sharma,D09,2025-2028
ST0236,Diya Sharma,D08,2023-2026
ST0237,Ishaan Nair,D08,2025-2028
ST0238,Karan Patel,D01,2024-2027
ST0239,Aditya Kulkarni,D10,2025-2028
ST0240,Priya Singh,D08,2024-2027
ST0241,Vivaan Shaikh,D01,2025-2028
ST0242,Ananya Patel,D01,2023-2026
ST0243,Ishaan More,D07,2025-2028
ST0244,Karan Patil,D09,2024-2027
ST0245,Rohan Kulkarni,D06,2023-2026
ST0246,Rahul Verma,D09,2024-2027
ST0247,Ishaan Sharma,D05,2024-2027
ST0248,Priya Kulkarni,D10,2024-2027
ST0249,Riya Shah,D08,2023-2026
ST0250,Priya Khan,D03,2024-2027
ST0251,Pooja Khan,D07,2025-2028
ST0252,Ishaan Shah,D07,2023-2026
ST0253,Vivaan Nair,D04,2023-2026
ST0254,Riya Shah,D02,2025-2028
ST0255,Priya Deshmukh,D09,2024-2027
ST0256,Ishaan Khan,D08,2023-2026
ST0257,Siddhesh Joshi,D05,2024-2027
ST0258,Ananya Sharma,D10,2025-2028
ST0259,Diya Deshmukh,D09,2023-2026
ST0260,Sneha Shaikh,D01,2023-2026
ST0261,Siddhesh Tiwari,D10,2023-2026
ST0262,Diya Verma,D05,2023-2026
ST0263,Aditya Verma,D01,2025-2028
ST0264,Rahul Tiwari,D03,2024-2027
ST0265,Aisha More,D03,2023-2026
ST0266,Kabir Mehta,D10,2023-2026
ST0267,Vinayak Shah,D04,2023-2026
ST0268,Vivaan Deshmukh,D01,2025-2028
ST0269,Rohan Mishra,D05,2025-2028
ST0270,Karan Kulkarni,D10,2023-2026
ST0271,Riya Khan,D01,2024-2027
ST0272,Vivaan Shah,D06,2023-2026
ST0273,Diya Patel,D06,2024-2027
ST0274,Rohan Nair,D08,2025-2028
ST0275,Rahul Deshmukh,D06,2023-2026
ST0276,Ishaan Patil,D03,2023-2026
ST0277,Rohan Gupta,D10,2024-2027
ST0278,Karan Khan,D07,2024-2027
ST0279,Meera Pawar,D01,2025-2028
ST0280,Kabir Joshi,D02,2023-2026
ST0281,Diya Nair,D04,2025-2028
ST0282,Riya Sawant,D03,2024-2027
ST0283,Neha More,D05,2024-2027
ST0284,Diya Tiwari,D05,2023-2026
ST0285,Riya Joshi,D02,2024-2027
ST0286,Priya Shah,D05,2023-2026
ST0287,Rahul Mehta,D03,2023-2026
ST0288,Karan Yadav,D03,2024-2027
ST0289,Meera Verma,D10,2023-2026
ST0290,Meera Joshi,D05,2025-2028
ST0291,Rohan Patil,D10,2025-2028
ST0292,Ananya Mehta,D08,2025-2028
ST0293,Aarav Pawar,D09,2023-2026
ST0294,Vinayak Joshi,D09,2023-2026
ST0295,Aisha Yadav,D04,2025-2028
ST0296,Ishaan Nair,D08,2025-2028
ST0297,Aryan Sawant,D07,2023-2026
ST0298,Diya Yadav,D05,2025-2028
ST0299,Vivaan Singh,D03,2025-2028
ST0300,Neha Shah,D02,2025-2028
ST0301,Riya Joshi,D02,2023-2026
ST0302,Ananya Singh,D08,2025-2028
ST0303,Pooja Nair,D04,2025-2028
ST0304,Aisha More,D07,2024-2027
ST0305,Riya Pawar,D07,2024-2027
ST0306,Aarav Patel,D06,2024-2027
ST0307,Aisha Verma,D06,2023-2026
ST0308,Siddhesh Shaikh,D05,2025-2028
ST0309,Priya Sharma,D02,2024-2027
ST0310,Pooja Singh,D10,2023-2026
ST0311,Priya Khan,D09,2023-2026
ST0312,Ishaan Pawar,D03,2024-2027
ST0313,Aryan Gupta,D10,2024-2027
ST0314,Aarav Mishra,D03,2024-2027
ST0315,Meera Mehta,D07,2024-2027
ST0316,Karan Deshmukh,D04,2024-2027
ST0317,Sneha Sawant,D06,2024-2027
ST0318,Aisha Khan,D07,2023-2026
ST0319,Priya Tiwari,D02,2025-2028
ST0320,Aryan Mishra,D07,2025-2028
ST0321,Meera Shah,D08,2025-2028
ST0322,Karan Mehta,D04,2025-2028
ST0323,Aryan Gupta,D08,2023-2026
ST0324,Aditya Patil,D08,2024-2027
ST0325,Diya Gupta,D04,2025-2028
ST0326,Sneha Khan,D01,2025-2028
ST0327,Neha Patil,D03,2025-2028
ST0328,Vivaan Sharma,D07,2024-2027
ST0329,Sneha Joshi,D01,2023-2026
ST0330,Ishaan Yadav,D09,2025-2028
ST0331,Rohan Joshi,D03,2025-2028
ST0332,Pooja Patil,D10,2025-2028
ST0333,Priya Pawar,D05,2023-2026
ST0334,Riya Tiwari,D08,2023-2026
ST0335,Rohan Gupta,D05,2025-2028
ST0336,Diya Patil,D07,2024-2027
ST0337,Aisha Yadav,D05,2025-2028
ST0338,Diya Nair,D09,2024-2027
ST0339,Meera Khan,D03,2024-2027
ST0340,Karan Nair,D01,2025-2028
ST0341,Aarav Tiwari,D02,2023-2026
ST0342,Ishaan Sharma,D01,2024-2027
ST0343,Karan Singh,D09,2024-2027
ST0344,Kabir Mehta,D09,2024-2027
ST0345,Sneha Shah,D02,2023-2026
ST0346,Rahul Mehta,D10,2023-2026
ST0347,Neha Deshmukh,D04,2025-2028
ST0348,Sneha Khan,D03,2023-2026
ST0349,Karan Joshi,D04,2024-2027
ST0350,Ishaan Sawant,D10,2024-2027
ST0351,Meera Sawant,D02,2025-2028
ST0352,Riya Mehta,D03,2025-2028
ST0353,Aarav Sharma,D08,2023-2026
ST0354,Aryan Deshmukh,D02,2023-2026
ST0355,Diya Patil,D04,2023-2026
ST0356,Sneha Khan,D04,2025-2028
ST0357,Kabir Singh,D04,2023-2026
ST0358,Neha Khan,D03,2024-2027
ST0359,Sneha Tiwari,D02,2023-2026
ST0360,Vivaan Verma,D04,2025-2028
ST0361,Ishaan Singh,D03,2023-2026
ST0362,Neha Shaikh,D02,2025-2028
ST0363,Ishaan Sharma,D04,2023-2026
ST0364,Riya Singh,D02,2025-2028
ST0365,Aarav Yadav,D09,2025-2028
ST0366,Ananya Shaikh,D07,2024-2027
ST0367,Ishaan Tiwari,D10,2024-2027
ST0368,Neha Pawar,D01,2024-2027
ST0369,Sneha Patil,D03,2023-2026
ST0370,Vivaan Sawant,D05,2025-2028
ST0371,Vivaan Nair,D04,2023-2026
ST0372,Karan Deshmukh,D08,2024-2027
ST0373,Aarav Shaikh,D01,2025-2028
ST0374,Aditya Kulkarni,D10,2024-2027
ST0375,Aryan Shaikh,D02,2024-2027
ST0376,Neha Mehta,D01,2025-2028
ST0377,Rohan Deshmukh,D04,2025-2028
ST0378,Ananya Pawar,D02,2025-2028
ST0379,Aarav Sawant,D04,2023-2026
ST0380,Ishaan Sawant,D06,2025-2028
ST0381,Aisha Nair,D03,2024-2027
ST0382,Sneha More,D08,2025-2028
ST0383,Karan Pawar,D06,2023-2026
ST0384,Riya Nair,D01,2025-2028
ST0385,Pooja Sharma,D07,2025-2028
ST0386,Sneha Singh,D05,2025-2028
ST0387,Vivaan Nair,D01,2025-2028
ST0388,Aryan Verma,D08,2024-2027
ST0389,Meera Shah,D07,2024-2027
ST0390,Sneha Yadav,D04,2025-2028
ST0391,Kabir Kulkarni,D08,2025-2028
ST0392,Siddhesh Patil,D10,2023-2026
ST0393,Vinayak More,D03,2024-2027
ST0394,Riya Yadav,D10,2025-2028
ST0395,Pooja Verma,D05,2025-2028
ST0396,Aditya Sharma,D02,2025-2028
ST0397,Meera Mishra,D02,2024-2027
ST0398,Riya Singh,D03,2023-2026
ST0399,Vivaan Mehta,D02,2024-2027
ST0400,Meera Verma,D06,2023-2026
ST0401,Aryan More,D01,2024-2027
ST0402,Diya More,D09,2024-2027
ST0403,Ishaan Patil,D10,2024-2027
ST0404,Vivaan Pawar,D04,2023-2026
ST0405,Priya Mishra,D07,2023-2026
ST0406,Pooja Patel,D09,2023-2026
ST0407,Neha Sharma,D09,2025-2028
ST0408,Vivaan Deshmukh,D02,2025-2028
ST0409,Vivaan Nair,D06,2024-2027
ST0410,Diya Patil,D05,2025-2028
ST0411,Siddhesh Patil,D03,2024-2027
ST0412,Aarav Shaikh,D08,2024-2027
ST0413,Neha Khan,D02,2024-2027
ST0414,Rahul Yadav,D08,2023-2026
ST0415,Priya Nair,D04,2025-2028
ST0416,Meera Deshmukh,D01,2023-2026
ST0417,Aisha Verma,D04,2024-2027
ST0418,Rohan Joshi,D07,2025-2028
ST0419,Pooja Mishra,D06,2025-2028
ST0420,Aryan Deshmukh,D01,2025-2028
ST0421,Ananya Kulkarni,D06,2025-2028
ST0422,Kabir Yadav,D02,2025-2028
ST0423,Aarav Kulkarni,D07,2023-2026
ST0424,Siddhesh Joshi,D02,2025-2028
ST0425,Rohan Shaikh,D09,2023-2026
ST0426,Aisha Deshmukh,D09,2023-2026
ST0427,Vivaan Kulkarni,D01,2023-2026
ST0428,Aditya Pawar,D01,2025-2028
ST0429,Sneha Tiwari,D04,2025-2028
ST0430,Neha Mishra,D09,2024-2027
ST0431,Neha Patel,D03,2024-2027
ST0432,Rohan Yadav,D01,2024-2027
ST0433,Sneha Pawar,D02,2025-2028
ST0434,Vivaan More,D07,2025-2028
ST0435,Ishaan More,D09,2023-2026
ST0436,Aarav Kulkarni,D07,2023-2026
ST0437,Rahul Kulkarni,D06,2025-2028
ST0438,Vinayak Mehta,D08,2024-2027
ST0439,Diya Joshi,D03,2023-2026
ST0440,Riya Mishra,D02,2024-2027
ST0441,Aarav Mehta,D03,2025-2028
ST0442,Aisha Mehta,D01,2025-2028
ST0443,Ananya Yadav,D04,2025-2028
ST0444,Vinayak Verma,D10,2025-2028
ST0445,Kabir Pawar,D06,2023-2026
ST0446,Ishaan More,D05,2023-2026
ST0447,Sneha Deshmukh,D03,2025-2028
ST0448,Ananya Mishra,D01,2023-2026
ST0449,Priya Nair,D07,2024-2027
ST0450,Meera Sharma,D04,2025-2028
ST0451,Vivaan Patil,D02,2025-2028
ST0452,Vivaan Patel,D05,2025-2028
ST0453,Diya Joshi,D03,2024-2027
ST0454,Priya Pawar,D03,2025-2028
ST0455,Vivaan Nair,D03,2024-2027
ST0456,Aisha More,D04,2024-2027
ST0457,Aryan Singh,D01,2023-2026
ST0458,Aryan Pawar,D06,2025-2028
ST0459,Vinayak Kulkarni,D05,2023-2026
ST0460,Ishaan Sawant,D06,2025-2028
ST0461,Ishaan Joshi,D10,2023-2026
ST0462,Aarav Sharma,D10,2024-2027
ST0463,Priya Singh,D02,2023-2026
ST0464,Aditya Joshi,D02,2025-2028
ST0465,Diya Singh,D05,2024-2027
ST0466,Diya Patil,D01,2023-2026
ST0467,Aditya Shah,D07,2023-2026
ST0468,Kabir Khan,D02,2025-2028
ST0469,Aisha Shah,D02,2025-2028
ST0470,Vivaan Patel,D10,2024-2027
ST0471,Siddhesh Yadav,D01,2024-2027
ST0472,Priya Patil,D01,2025-2028
ST0473,Ishaan Joshi,D05,2023-2026
ST0474,Rahul Mehta,D05,2023-2026
ST0475,Aryan Kulkarni,D02,2023-2026
ST0476,Ishaan Tiwari,D10,2024-2027
ST0477,Vinayak Deshmukh,D08,2023-2026
ST0478,Rohan Patel,D05,2025-2028
ST0479,Ishaan Pawar,D05,2023-2026
ST0480,Pooja Shah,D02,2025-2028
ST0481,Sneha Deshmukh,D08,2025-2028
ST0482,Riya Joshi,D10,2024-2027
ST0483,Ishaan Kulkarni,D07,2024-2027
ST0484,Priya Verma,D07,2023-2026
ST0485,Aditya Pawar,D05,2024-2027
ST0486,Aryan Sawant,D08,2024-2027
ST0487,Rohan Verma,D10,2025-2028
ST0488,Rohan Patel,D08,2024-2027
ST0489,Priya More,D01,2024-2027
ST0490,Riya Deshmukh,D04,2023-2026
ST0491,Pooja Yadav,D08,2024-2027
ST0492,Priya Yadav,D07,2024-2027
ST0493,Priya Yadav,D04,2023-2026
ST0494,Siddhesh Sharma,D04,2025-2028
ST0495,Rahul Yadav,D10,2024-2027
ST0496,Sneha Nair,D10,2025-2028
ST0497,Aditya Patil,D09,2024-2027
ST0498,Riya Shaikh,D06,2023-2026
ST0499,Siddhesh Singh,D05,2025-2028
ST0500,Aisha Shaikh,D08,2024-2027
ST0501,Pooja Patil,D04,2025-2028
ST0502,Rohan Pawar,D04,2024-2027
ST0503,Ananya More,D07,2024-2027
ST0504,Riya Mehta,D02,2024-2027
ST0505,Sneha Shaikh,D01,2024-2027
ST0506,Sneha Khan,D04,2024-2027
ST0507,Ishaan Mehta,D03,2023-2026
ST0508,Riya More,D02,2024-2027
ST0509,Vivaan Joshi,D06,2025-2028
ST0510,Aisha Khan,D06,2024-2027
ST0511,Vivaan Yadav,D05,2023-2026
ST0512,Rohan Yadav,D04,2025-2028
ST0513,Vivaan Sawant,D08,2025-2028
ST0514,Rahul Pawar,D02,2024-2027
ST0515,Aryan More,D02,2025-2028
ST0516,Ananya Verma,D08,2025-2028
ST0517,Ananya Sawant,D06,2024-2027
ST0518,Ananya Mehta,D02,2024-2027
ST0519,Riya Deshmukh,D03,2024-2027
ST0520,Aryan Shaikh,D07,2023-2026
ST0521,Vivaan Kulkarni,D10,2023-2026
ST0522,Ishaan Kulkarni,D04,2025-2028
ST0523,Rahul Tiwari,D02,2025-2028
ST0524,Aisha Shah,D02,2025-2028
ST0525,Neha Patil,D05,2024-2027
ST0526,Karan Mehta,D01,2023-2026
ST0527,Riya More,D07,2025-2028
ST0528,Karan Patil,D03,2023-2026
ST0529,Rahul Yadav,D04,2025-2028
ST0530,Meera Patel,D08,2023-2026
ST0531,Aryan Patel,D03,2024-2027
ST0532,Siddhesh Mehta,D05,2023-2026
ST0533,Ishaan Verma,D07,2023-2026
ST0534,Rohan Verma,D06,2024-2027
ST0535,Aisha Khan,D06,2024-2027
ST0536,Vinayak Singh,D08,2024-2027
ST0537,Meera Verma,D04,2025-2028
ST0538,Aryan More,D10,2024-2027
ST0539,Ananya Singh,D06,2024-2027
ST0540,Ananya Patil,D01,2024-2027
ST0541,Meera Shaikh,D04,2025-2028
ST0542,Ishaan Mishra,D03,2024-2027
ST0543,Priya Joshi,D08,2025-2028
ST0544,Meera Pawar,D07,2024-2027
ST0545,Pooja Nair,D02,2024-2027
ST0546,Diya Yadav,D09,2024-2027
ST0547,Siddhesh Deshmukh,D04,2023-2026
ST0548,Rohan Yadav,D02,2023-2026
ST0549,Aditya Sharma,D06,2025-2028
ST0550,Aisha Verma,D02,2023-2026
ST0551,Aisha Singh,D05,2024-2027
ST0552,Aarav Patel,D07,2025-2028
ST0553,Karan Mishra,D08,2025-2028
ST0554,Karan Patel,D04,2025-2028
ST0555,Neha Gupta,D08,2025-2028
ST0556,Priya Mehta,D08,2025-2028
ST0557,Aryan Sharma,D01,2025-2028
ST0558,Aditya Mehta,D05,2025-2028
ST0559,Rahul Khan,D04,2025-2028
ST0560,Aarav Pawar,D10,2024-2027
ST0561,Ananya Tiwari,D10,2023-2026
ST0562,Aisha Joshi,D02,2023-2026
ST0563,Siddhesh Singh,D02,2023-2026
ST0564,Karan Sawant,D07,2023-2026
ST0565,Priya Mishra,D06,2023-2026
ST0566,Riya Joshi,D04,2023-2026
ST0567,Riya Sharma,D10,2023-2026
ST0568,Aarav Shah,D08,2023-2026
ST0569,Aryan Deshmukh,D02,2023-2026
ST0570,Priya Pawar,D07,2024-2027
ST0571,Rahul Shah,D06,2023-2026
ST0572,Vivaan Mishra,D04,2024-2027
ST0573,Karan Shaikh,D03,2023-2026
ST0574,Rohan Joshi,D05,2023-2026
ST0575,Diya Yadav,D03,2025-2028
ST0576,Karan More,D10,2025-2028
ST0577,Karan Mishra,D02,2023-2026
ST0578,Aisha Sawant,D08,2025-2028
ST0579,Neha Verma,D02,2023-2026
ST0580,Sneha Mehta,D03,2023-2026
ST0581,Ishaan Singh,D08,2024-2027
ST0582,Rahul Tiwari,D05,2023-2026
ST0583,Diya Patil,D08,2023-2026
ST0584,Priya More,D06,2025-2028
ST0585,Neha Shah,D01,2024-2027
ST0586,Diya More,D04,2025-2028
ST0587,Aisha Shaikh,D04,2024-2027
ST0588,Karan Yadav,D02,2023-2026
ST0589,Kabir Shaikh,D08,2024-2027
ST0590,Diya Sharma,D07,2023-2026
ST0591,Karan Patel,D02,2024-2027
ST0592,Vinayak Gupta,D07,2025-2028
ST0593,Ishaan Yadav,D09,2024-2027
ST0594,Pooja Mehta,D03,2025-2028
ST0595,Vinayak Mehta,D03,2025-2028
ST0596,Aryan Shah,D02,2025-2028
ST0597,Aarav Nair,D01,2024-2027
ST0598,Priya Tiwari,D05,2025-2028
ST0599,Riya Yadav,D06,2024-2027
ST0600,Riya Joshi,D06,2023-2026
ST0601,Karan Tiwari,D08,2024-2027
ST0602,Rohan Gupta,D08,2023-2026
ST0603,Priya Joshi,D02,2025-2028
ST0604,Aditya Tiwari,D01,2023-2026
ST0605,Aisha Singh,D03,2023-2026
ST0606,Ananya Yadav,D10,2025-2028
ST0607,Siddhesh More,D04,2023-2026
ST0608,Karan Pawar,D10,2023-2026
ST0609,Rohan Nair,D09,2023-2026
ST0610,Vivaan Sharma,D01,2024-2027
ST0611,Aisha Khan,D01,2023-2026
ST0612,Riya Mishra,D04,2024-2027
ST0613,Meera Yadav,D07,2025-2028
ST0614,Pooja Khan,D08,2024-2027
ST0615,Riya Pawar,D08,2024-2027
ST0616,Aisha Nair,D08,2025-2028
ST0617,Aditya Shah,D09,2024-2027
ST0618,Vinayak Khan,D05,2025-2028
ST0619,Aditya Kulkarni,D06,2023-2026
ST0620,Sneha Nair,D03,2024-2027
ST0621,Meera Khan,D03,2024-2027
ST0622,Ananya Kulkarni,D05,2024-2027
ST0623,Sneha Sawant,D10,2024-2027
ST0624,Diya Kulkarni,D03,2024-2027
ST0625,Aarav Yadav,D09,2025-2028
ST0626,Karan Mehta,D09,2025-2028
ST0627,Sneha Sharma,D07,2024-2027
ST0628,Siddhesh Mehta,D08,2023-2026
ST0629,Karan Tiwari,D08,2025-2028
ST0630,Neha More,D07,2024-2027
ST0631,Rohan Kulkarni,D04,2025-2028
ST0632,Pooja Patil,D02,2023-2026
ST0633,Aditya Shah,D07,2025-2028
ST0634,Riya Deshmukh,D07,2025-2028
ST0635,Aryan Shaikh,D08,2023-2026
ST0636,Aryan Kulkarni,D01,2023-2026
ST0637,Aisha Singh,D10,2024-2027
ST0638,Kabir Tiwari,D03,2024-2027
ST0639,Ananya Shaikh,D03,2024-2027
ST0640,Diya Patel,D02,2023-2026
ST0641,Siddhesh Tiwari,D01,2023-2026
ST0642,Karan Tiwari,D07,2023-2026
ST0643,Rohan Deshmukh,D06,2024-2027
ST0644,Ishaan Khan,D04,2025-2028
ST0645,Vinayak Patil,D08,2025-2028
ST0646,Pooja Tiwari,D10,2024-2027
ST0647,Neha Sharma,D10,2024-2027
ST0648,Aryan Tiwari,D10,2024-2027
ST0649,Vinayak Patil,D04,2023-2026
ST0650,Riya More,D04,2025-2028
ST0651,Riya Joshi,D06,2023-2026
ST0652,Aisha Patel,D03,2023-2026
ST0653,Riya Shah,D02,2024-2027
ST0654,Aditya Sawant,D01,2023-2026
ST0655,Neha Sharma,D10,2023-2026
ST0656,Karan Mishra,D07,2025-2028
ST0657,Siddhesh Deshmukh,D06,2023-2026
ST0658,Sneha Pawar,D04,2023-2026
ST0659,Rahul Mishra,D01,2024-2027
ST0660,Ananya More,D09,2023-2026
ST0661,Rahul Mehta,D01,2023-2026
ST0662,Aryan Mishra,D06,2024-2027
ST0663,Aditya Joshi,D07,2025-2028
ST0664,Priya Tiwari,D05,2025-2028
ST0665,Meera Gupta,D01,2023-2026
ST0666,Vivaan Deshmukh,D06,2023-2026
ST0667,Meera Singh,D03,2023-2026
ST0668,Aditya Pawar,D08,2024-2027
ST0669,Rahul Deshmukh,D01,2023-2026
ST0670,Riya Singh,D02,2024-2027
ST0671,Pooja Tiwari,D09,2023-2026
ST0672,Aarav Tiwari,D05,2023-2026
ST0673,Diya Sawant,D01,2023-2026
ST0674,Aarav Joshi,D06,2023-2026
ST0675,Meera Gupta,D02,2025-2028
ST0676,Ishaan Kulkarni,D08,2023-2026
ST0677,Kabir Verma,D09,2024-2027
ST0678,Priya Kulkarni,D05,2024-2027
ST0679,Aisha Joshi,D10,2025-2028
ST0680,Vivaan Kulkarni,D07,2023-2026
ST0681,Meera Pawar,D05,2023-2026
ST0682,Priya Tiwari,D02,2023-2026
ST0683,Riya Shaikh,D09,2023-2026
ST0684,Riya More,D04,2023-2026
ST0685,Aisha Joshi,D03,2024-2027
ST0686,Aryan Khan,D07,2025-2028
ST0687,Ananya Patel,D08,2024-2027
ST0688,Diya Mishra,D02,2023-2026
ST0689,Ishaan Shah,D02,2024-2027
ST0690,Aditya Deshmukh,D08,2025-2028
ST0691,Vivaan Pawar,D02,2024-2027
ST0692,Priya Yadav,D03,2024-2027
ST0693,Siddhesh Verma,D05,2024-2027
ST0694,Aryan Yadav,D06,2025-2028
ST0695,Neha Sharma,D02,2024-2027
ST0696,Ananya Pawar,D10,2023-2026
ST0697,Priya Pawar,D07,2025-2028
ST0698,Karan Tiwari,D07,2023-2026
ST0699,Priya Tiwari,D04,2024-2027
ST0700,Pooja Nair,D04,2023-2026
ST0701,Aisha Patel,D04,2025-2028
ST0702,Aarav Pawar,D01,2024-2027
ST0703,Riya Mehta,D01,2024-2027
ST0704,Rohan Shah,D07,2023-2026
ST0705,Priya Shah,D03,2024-2027
ST0706,Siddhesh Patil,D03,2023-2026
ST0707,Riya Nair,D08,2024-2027
ST0708,Pooja Yadav,D01,2025-2028
ST0709,Ananya Shaikh,D06,2023-2026
ST0710,Rohan Shah,D09,2024-2027
ST0711,Priya Patel,D04,2024-2027
ST0712,Aarav Tiwari,D04,2024-2027
ST0713,Rahul Mehta,D07,2025-2028
ST0714,Pooja Nair,D02,2024-2027
ST0715,Kabir Khan,D05,2024-2027
ST0716,Riya Sharma,D01,2024-2027
ST0717,Priya Mishra,D01,2024-2027
ST0718,Karan Verma,D01,2025-2028
ST0719,Aryan Mehta,D03,2025-2028
ST0720,Aditya Sharma,D09,2023-2026
ST0721,Meera Mehta,D05,2024-2027
ST0722,Siddhesh Shaikh,D03,2025-2028
ST0723,Neha Deshmukh,D07,2025-2028
ST0724,Sneha Singh,D09,2023-2026
ST0725,Aditya Khan,D07,2023-2026
ST0726,Diya Verma,D05,2023-2026
ST0727,Aarav Joshi,D10,2025-2028
ST0728,Sneha Sharma,D04,2024-2027
ST0729,Meera Patil,D05,2025-2028
ST0730,Aarav Sawant,D03,2025-2028
ST0731,Aarav Shah,D09,2023-2026
ST0732,Vivaan Patel,D04,2024-2027
ST0733,Priya Tiwari,D04,2024-2027
ST0734,Vinayak Yadav,D07,2023-2026
ST0735,Vivaan Singh,D01,2025-2028
ST0736,Ananya More,D03,2024-2027
ST0737,Aryan Patel,D06,2023-2026
ST0738,Vivaan Singh,D03,2023-2026
ST0739,Karan Shaikh,D02,2023-2026
ST0740,Vivaan Deshmukh,D02,2025-2028
ST0741,Priya Shaikh,D01,2025-2028
ST0742,Aryan Pawar,D06,2024-2027
ST0743,Vivaan Deshmukh,D04,2023-2026
ST0744,Aditya Nair,D08,2023-2026
ST0745,Rohan Singh,D02,2025-2028
ST0746,Vivaan Singh,D07,2023-2026
ST0747,Aditya Sawant,D03,2024-2027
ST0748,Sneha Kulkarni,D03,2023-2026
ST0749,Priya Tiwari,D03,2025-2028
ST0750,Sneha Mishra,D09,2024-2027
ST0751,Meera Sawant,D07,2023-2026
ST0752,Karan Shaikh,D03,2025-2028
ST0753,Vivaan Shaikh,D07,2024-2027
ST0754,Neha Gupta,D07,2023-2026
ST0755,Vinayak Yadav,D04,2024-2027
ST0756,Vinayak Gupta,D02,2025-2028
ST0757,Ishaan Shaikh,D05,2024-2027
ST0758,Diya Patil,D01,2025-2028
ST0759,Karan Sharma,D04,2024-2027
ST0760,Karan Patil,D10,2025-2028
ST0761,Sneha Mehta,D06,2023-2026
ST0762,Kabir Shaikh,D08,2023-2026
ST0763,Sneha Gupta,D02,2023-2026
ST0764,Aryan Sawant,D10,2025-2028
ST0765,Aarav Verma,D10,2023-2026
ST0766,Aditya Tiwari,D04,2024-2027
ST0767,Vinayak Gupta,D09,2024-2027
ST0768,Pooja Tiwari,D07,2023-2026
ST0769,Vinayak Sawant,D04,2025-2028
ST0770,Aryan Sawant,D01,2025-2028
ST0771,Aarav Patel,D07,2024-2027
ST0772,Vinayak Mehta,D06,2025-2028
ST0773,Rahul Patel,D10,2023-2026
ST0774,Rahul Patel,D07,2024-2027
ST0775,Pooja Nair,D05,2024-2027
ST0776,Siddhesh Joshi,D08,2024-2027
ST0777,Priya Mehta,D07,2024-2027
ST0778,Kabir Khan,D05,2024-2027
ST0779,Aisha Khan,D08,2024-2027
ST0780,Rohan More,D04,2024-2027
ST0781,Rahul Kulkarni,D09,2024-2027
ST0782,Riya Nair,D06,2025-2028
ST0783,Sneha Yadav,D06,2025-2028
ST0784,Aisha Sawant,D04,2024-2027
ST0785,Rohan Mehta,D10,2024-2027
ST0786,Aditya More,D08,2025-2028
ST0787,Meera Mehta,D07,2025-2028
ST0788,Aarav Shaikh,D10,2025-2028
ST0789,Vinayak Kulkarni,D03,2024-2027
ST0790,Siddhesh Yadav,D03,2025-2028
ST0791,Rahul Gupta,D06,2025-2028
ST0792,Ananya Patil,D07,2024-2027
ST0793,Diya Patil,D08,2025-2028
ST0794,Aarav Mishra,D08,2024-2027
ST0795,Riya Deshmukh,D08,2023-2026
ST0796,Karan Patel,D01,2025-2028
ST0797,Riya Deshmukh,D08,2025-2028
ST0798,Riya Nair,D04,2024-2027
ST0799,Rohan Mehta,D06,2023-2026
ST0800,Diya Sharma,D07,2023-2026
ST0801,Aryan Sawant,D05,2023-2026
ST0802,Aryan Joshi,D07,2023-2026
ST0803,Aarav Singh,D02,2023-2026
ST0804,Pooja Khan,D01,2025-2028
ST0805,Vivaan Mehta,D03,2024-2027
ST0806,Vivaan Khan,D09,2025-2028
ST0807,Riya Kulkarni,D04,2024-2027
ST0808,Siddhesh More,D09,2023-2026
ST0809,Diya Sawant,D10,2023-2026
ST0810,Neha Joshi,D06,2023-2026
ST0811,Meera Mishra,D03,2025-2028
ST0812,Aditya Kulkarni,D10,2024-2027
ST0813,Rahul Shaikh,D08,2025-2028
ST0814,Kabir Yadav,D06,2023-2026
ST0815,Ananya Mehta,D09,2023-2026
ST0816,Ananya Joshi,D07,2023-2026
ST0817,Sneha Sharma,D04,2023-2026
ST0818,Rohan Yadav,D05,2024-2027
ST0819,Vinayak Tiwari,D08,2025-2028
ST0820,Aisha Mehta,D08,2023-2026
ST0821,Meera Gupta,D02,2024-2027
ST0822,Priya Shaikh,D09,2023-2026
ST0823,Vivaan Patel,D08,2023-2026
ST0824,Sneha Kulkarni,D04,2025-2028
ST0825,Aarav More,D03,2024-2027
ST0826,Aryan Verma,D07,2024-2027
ST0827,Aarav Sawant,D09,2024-2027
ST0828,Aisha Patel,D10,2023-2026
ST0829,Pooja Joshi,D05,2024-2027
ST0830,Aisha Sawant,D04,2023-2026
ST0831,Ishaan Pawar,D04,2025-2028
ST0832,Vinayak Verma,D08,2025-2028
ST0833,Kabir Mehta,D03,2024-2027
ST0834,Kabir Yadav,D03,2023-2026
ST0835,Karan Gupta,D09,2025-2028
ST0836,Sneha Patil,D01,2023-2026
ST0837,Meera Gupta,D09,2024-2027
ST0838,Aryan Sawant,D04,2024-2027
ST0839,Karan Patel,D04,2025-2028
ST0840,Aisha More,D08,2023-2026
ST0841,Kabir Tiwari,D01,2024-2027
ST0842,Ananya Yadav,D03,2025-2028
ST0843,Ananya Mehta,D09,2023-2026
ST0844,Sneha More,D08,2025-2028
ST0845,Meera Deshmukh,D10,2024-2027
ST0846,Rahul Patel,D03,2025-2028
ST0847,Ishaan Patel,D07,2025-2028
ST0848,Siddhesh Pawar,D01,2025-2028
ST0849,Rahul Sharma,D01,2024-2027
ST0850,Ishaan Sawant,D08,2024-2027
ST0851,Riya Nair,D10,2024-2027
ST0852,Diya More,D06,2024-2027
ST0853,Vinayak Pawar,D09,2025-2028
ST0854,Siddhesh Shah,D09,2023-2026
ST0855,Neha More,D08,2024-2027
ST0856,Neha More,D04,2023-2026
ST0857,Aarav Deshmukh,D03,2023-2026
ST0858,Aryan Joshi,D01,2023-2026
ST0859,Karan Patil,D01,2025-2028
ST0860,Ananya Shah,D09,2025-2028
ST0861,Rahul Kulkarni,D04,2023-2026
ST0862,Riya Gupta,D03,2023-2026
ST0863,Kabir Shah,D01,2025-2028
ST0864,Meera Deshmukh,D03,2024-2027
ST0865,Meera Gupta,D04,2023-2026
ST0866,Neha Mishra,D08,2023-2026
ST0867,Aisha Sharma,D06,2023-2026
ST0868,Aryan Deshmukh,D06,2024-2027
ST0869,Priya Tiwari,D02,2024-2027
ST0870,Pooja Sawant,D05,2023-2026
ST0871,Rahul Sharma,D06,2023-2026
ST0872,Meera Shaikh,D01,2024-2027
ST0873,Siddhesh Sharma,D05,2023-2026
ST0874,Priya Pawar,D10,2023-2026
ST0875,Diya Mehta,D07,2023-2026
ST0876,Pooja Yadav,D01,2024-2027
ST0877,Riya Verma,D02,2023-2026
ST0878,Neha Shaikh,D08,2023-2026
ST0879,Diya Mehta,D07,2023-2026
ST0880,Kabir Mishra,D02,2024-2027
ST0881,Aditya Gupta,D07,2025-2028
ST0882,Kabir Shah,D07,2025-2028
ST0883,Kabir Shah,D03,2023-2026
ST0884,Sneha Kulkarni,D03,2024-2027
ST0885,Ananya Kulkarni,D05,2023-2026
ST0886,Aditya Joshi,D01,2024-2027
ST0887,Karan Gupta,D08,2025-2028
ST0888,Karan Verma,D05,2025-2028
ST0889,Aditya Mishra,D05,2023-2026
ST0890,Neha Shah,D09,2024-2027
ST0891,Karan Gupta,D09,2023-2026
ST0892,Riya Patel,D08,2024-2027
ST0893,Ishaan Singh,D02,2024-2027
ST0894,Meera Sharma,D05,2025-2028
ST0895,Ishaan Pawar,D06,2023-2026
ST0896,Priya Khan,D03,2023-2026
ST0897,Vinayak Kulkarni,D09,2023-2026
ST0898,Kabir Yadav,D08,2025-2028
ST0899,Siddhesh Shaikh,D05,2024-2027
ST0900,Diya Mishra,D01,2025-2028
ST0901,Ananya Sawant,D08,2025-2028
ST0902,Pooja Yadav,D05,2024-2027
ST0903,Aisha Kulkarni,D07,2025-2028
ST0904,Ananya Kulkarni,D05,2025-2028
ST0905,Diya Shah,D10,2024-2027
ST0906,Vivaan Verma,D04,2024-2027
ST0907,Ananya Pawar,D07,2023-2026
ST0908,Karan Joshi,D07,2025-2028
ST0909,Siddhesh Shaikh,D10,2024-2027
ST0910,Aarav Kulkarni,D09,2024-2027
ST0911,Vivaan Mishra,D10,2025-2028
ST0912,Riya Sharma,D10,2023-2026
ST0913,Diya More,D05,2023-2026
ST0914,Riya Singh,D07,2023-2026
ST0915,Priya Singh,D10,2024-2027
ST0916,Aisha Singh,D04,2024-2027
ST0917,Meera Shaikh,D09,2024-2027
ST0918,Ishaan Mishra,D10,2023-2026
ST0919,Pooja Mishra,D05,2024-2027
ST0920,Rahul Patil,D10,2024-2027
ST0921,Meera Shaikh,D01,2023-2026
ST0922,Aisha Verma,D01,2023-2026
ST0923,Karan Gupta,D07,2023-2026
ST0924,Vinayak Gupta,D01,2025-2028
ST0925,Rohan Gupta,D09,2025-2028
ST0926,Sneha Patel,D05,2025-2028
ST0927,Siddhesh Yadav,D08,2023-2026
ST0928,Aisha Nair,D01,2025-2028
ST0929,Karan Yadav,D04,2023-2026
ST0930,Meera Shaikh,D08,2023-2026
ST0931,Vivaan Yadav,D02,2025-2028
ST0932,Priya More,D10,2025-2028
ST0933,Neha Shah,D10,2024-2027
ST0934,Vivaan Sawant,D03,2023-2026
ST0935,Aarav Sharma,D08,2025-2028
ST0936,Rahul Joshi,D01,2023-2026
ST0937,Priya Shaikh,D02,2023-2026
ST0938,Pooja Sharma,D09,2023-2026
ST0939,Siddhesh More,D10,2025-2028
ST0940,Sneha Singh,D08,2024-2027
ST0941,Rahul Nair,D07,2024-2027
ST0942,Pooja Patil,D08,2024-2027
ST0943,Ishaan Sharma,D10,2023-2026
ST0944,Neha Shah,D02,2023-2026
ST0945,Ishaan Patel,D10,2025-2028
ST0946,Pooja Patil,D01,2024-2027
ST0947,Aryan Khan,D04,2024-2027
ST0948,Pooja Shah,D04,2024-2027
ST0949,Sneha Deshmukh,D05,2025-2028
ST0950,Neha Deshmukh,D08,2025-2028
ST0951,Aditya Sawant,D09,2023-2026
ST0952,Neha Pawar,D03,2024-2027
ST0953,Aditya Kulkarni,D09,2024-2027
ST0954,Diya Verma,D04,2025-2028
ST0955,Sneha Sawant,D06,2024-2027
ST0956,Aisha Verma,D03,2024-2027
ST0957,Meera Gupta,D06,2025-2028
ST0958,Rohan Khan,D02,2023-2026
ST0959,Aarav Mehta,D10,2025-2028
ST0960,Siddhesh Mehta,D09,2024-2027
ST0961,Aryan Patil,D07,2025-2028
ST0962,Ishaan Shaikh,D04,2023-2026
ST0963,Meera Deshmukh,D08,2025-2028
ST0964,Rohan Kulkarni,D08,2025-2028
ST0965,Sneha Verma,D06,2023-2026
ST0966,Ishaan Shaikh,D05,2023-2026
ST0967,Karan Yadav,D09,2024-2027
ST0968,Meera Patel,D05,2023-2026
ST0969,Rahul Nair,D08,2023-2026
ST0970,Aisha Joshi,D09,2025-2028
ST0971,Aryan Shah,D01,2024-2027
ST0972,Aryan Joshi,D02,2024-2027
ST0973,Ananya Shah,D05,2023-2026
ST0974,Ishaan Sharma,D10,2023-2026
ST0975,Riya Joshi,D07,2023-2026
ST0976,Ishaan Mishra,D05,2025-2028
ST0977,Riya Nair,D02,2024-2027
ST0978,Aryan Sawant,D02,2025-2028
ST0979,Karan Pawar,D04,2023-2026
ST0980,Rohan Patel,D08,2024-2027
ST0981,Pooja Mehta,D07,2025-2028
ST0982,Karan Joshi,D05,2024-2027
ST0983,Ananya Shaikh,D08,2023-2026
ST0984,Meera Nair,D01,2025-2028
ST0985,Ananya Tiwari,D03,2025-2028
ST0986,Neha Patil,D03,2025-2028
ST0987,Diya Sawant,D02,2025-2028
ST0988,Ananya Gupta,D04,2023-2026
ST0989,Vivaan Mishra,D10,2024-2027
ST0990,Neha Patel,D10,2025-2028
ST0991,Rohan Yadav,D08,2025-2028
ST0992,Ishaan Sharma,D05,2025-2028
ST0993,Neha Mishra,D02,2025-2028
ST0994,Rohan Gupta,D04,2023-2026
ST0995,Aarav Nair,D10,2025-2028
ST0996,Vinayak Patil,D07,2024-2027
ST0997,Aarav Verma,D09,2024-2027
ST0998,Riya Patel,D03,2024-2027
ST0999,Riya Khan,D09,2023-2026
ST1000,Aarav Verma,D07,2023-2026
SX0001,Student 0001,D10,2019-2022
SX0002,Student 0002,D10,2019-2022
SX0003,Student 0003,D02,2019-2022
SX0004,Student 0004,D06,2019-2022
SX0005,Student 0005,D06,2019-2022
SX0006,Student 0006,D03,2019-2022
SX0007,Student 0007,D10,2019-2022
SX0008,Student 0008,D07,2019-2022
SX0009,Student 0009,D05,2019-2022
SX0010,Student 0010,D08,2019-2022
SX0011,Student 0011,D04,2019-2022
SX0012,Student 0012,D02,2019-2022
SX0013,Student 0013,D09,2019-2022
SX0014,Student 0014,D07,2019-2022
SX0015,Student 0015,D08,2019-2022
SX0016,Student 0016,D01,2019-2022
SX0017,Student 0017,D05,2019-2022
SX0018,Student 0018,D07,2019-2022
SX0019,Student 0019,D04,2019-2022
SX0020,Student 0020,D10,2019-2022
SX0021,Student 0021,D05,2019-2022
SX0022,Student 0022,D07,2019-2022
SX0023,Student 0023,D03,2019-2022
SX0024,Student 0024,D07,2019-2022
SX0025,Student 0025,D08,2019-2022
SX0026,Student 0026,D01,2019-2022
SX0027,Student 0027,D08,2019-2022
SX0028,Student 0028,D06,2019-2022
SX0029,Student 0029,D02,2019-2022
SX0030,Student 0030,D04,2019-2022
SX0031,Student 0031,D07,2019-2022
SX0032,Student 0032,D08,2019-2022
SX0033,Student 0033,D06,2019-2022
SX0034,Student 0034,D01,2019-2022
SX0035,Student 0035,D01,2019-2022
SX0036,Student 0036,D09,2019-2022
SX0037,Student 0037,D04,2019-2022
SX0038,Student 0038,D03,2019-2022
SX0039,Student 0039,D02,2019-2022
SX0040,Student 0040,D04,2019-2022
SX0041,Student 0041,D08,2019-2022
SX0042,Student 0042,D01,2019-2022
SX0043,Student 0043,D04,2019-2022
SX0044,Student 0044,D10,2019-2022
SX0045,Student 0045,D05,2019-2022
SX0046,Student 0046,D08,2019-2022
SX0047,Student 0047,D06,2019-2022
SX0048,Student 0048,D03,2019-2022
SX0049,Student 0049,D01,2019-2022
SX0050,Student 0050,D06,2019-2022
SX0051,Student 0051,D02,2019-2022
SX0052,Student 0052,D01,2019-2022
SX0053,Student 0053,D09,2019-2022
SX0054,Student 0054,D08,2019-2022
SX0055,Student 0055,D07,2019-2022
SX0056,Student 0056,D08,2019-2022
SX0057,Student 0057,D04,2019-2022
SX0058,Student 0058,D04,2019-2022
SX0059,Student 0059,D04,2019-2022
SX0060,Student 0060,D07,2019-2022
SX0061,Student 0061,D06,2019-2022
SX0062,Student 0062,D08,2019-2022
SX0063,Student 0063,D02,2019-2022
SX0064,Student 0064,D07,2019-2022
SX0065,Student 0065,D03,2019-2022
SX0066,Student 0066,D09,2019-2022
SX0067,Student 0067,D06,2019-2022
SX0068,Student 0068,D01,2019-2022
SX0069,Student 0069,D07,2019-2022
SX0070,Student 0070,D07,2019-2022
SX0071,Student 0071,D02,2019-2022
SX0072,Student 0072,D08,2019-2022
SX0073,Student 0073,D05,2019-2022
SX0074,Student 0074,D06,2019-2022
SX0075,Student 0075,D01,2019-2022
SX0076,Student 0076,D04,2019-2022
SX0077,Student 0077,D08,2019-2022
SX0078,Student 0078,D01,2019-2022
SX0079,Student 0079,D05,2019-2022
SX0080,Student 0080,D08,2019-2022
SX0081,Student 0081,D09,2019-2022
SX0082,Student 0082,D05,2019-2022
SX0083,Student 0083,D02,2019-2022
SX0084,Student 0084,D05,2019-2022
SX0085,Student 0085,D02,2019-2022
SX0086,Student 0086,D04,2019-2022
SX0087,Student 0087,D08,2019-2022
SX0088,Student 0088,D05,2019-2022
SX0089,Student 0089,D05,2019-2022
SX0090,Student 0090,D05,2019-2022
SX0091,Student 0091,D03,2019-2022
SX0092,Student 0092,D10,2019-2022
SX0093,Student 0093,D10,2019-2022
SX0094,Student 0094,D07,2019-2022
SX0095,Student 0095,D06,2019-2022
SX0096,Student 0096,D04,2019-2022
SX0097,Student 0097,D09,2019-2022
SX0098,Student 0098,D07,2019-2022
SX0099,Student 0099,D07,2019-2022
SX0100,Student 0100,D10,2019-2022
SX0101,Student 0101,D10,2019-2022
SX0102,Student 0102,D10,2019-2022
SX0103,Student 0103,D03,2019-2022
SX0104,Student 0104,D09,2019-2022
SX0105,Student 0105,D06,2019-2022
SX0106,Student 0106,D07,2019-2022
SX0107,Student 0107,D03,2019-2022
SX0108,Student 0108,D10,2019-2022
SX0109,Student 0109,D09,2019-2022
SX0110,Student 0110,D06,2019-2022
SX0111,Student 0111,D09,2019-2022
SX0112,Student 0112,D09,2019-2022
SX0113,Student 0113,D10,2019-2022
SX0114,Student 0114,D04,2019-2022
SX0115,Student 0115,D03,2019-2022
SX0116,Student 0116,D08,2019-2022
SX0117,Student 0117,D03,2019-2022
SX0118,Student 0118,D06,2019-2022
SX0119,Student 0119,D06,2019-2022
SX0120,Student 0120,D02,2019-2022
SX0121,Student 0121,D02,2019-2022
SX0122,Student 0122,D02,2019-2022
SX0123,Student 0123,D01,2019-2022
SX0124,Student 0124,D01,2019-2022
SX0125,Student 0125,D05,2019-2022
SX0126,Student 0126,D03,2019-2022
SX0127,Student 0127,D03,2019-2022
SX0128,Student 0128,D06,2019-2022
SX0129,Student 0129,D01,2019-2022
SX0130,Student 0130,D10,2019-2022
SX0131,Student 0131,D08,2019-2022
SX0132,Student 0132,D08,2019-2022
SX0133,Student 0133,D01,2019-2022
SX0134,Student 0134,D05,2019-2022
SX0135,Student 0135,D03,2019-2022
SX0136,Student 0136,D09,2019-2022
SX0137,Student 0137,D02,2019-2022
SX0138,Student 0138,D03,2019-2022
SX0139,Student 0139,D05,2019-2022
SX0140,Student 0140,D01,2019-2022
SX0141,Student 0141,D08,2019-2022
SX0142,Student 0142,D08,2019-2022
SX0143,Student 0143,D09,2019-2022
SX0144,Student 0144,D09,2019-2022
SX0145,Student 0145,D07,2019-2022
SX0146,Student 0146,D07,2019-2022
SX0147,Student 0147,D04,2019-2022
SX0148,Student 0148,D05,2019-2022
SX0149,Student 0149,D09,2019-2022
SX0150,Student 0150,D05,2019-2022
SX0151,Student 0151,D01,2019-2022
SX0152,Student 0152,D01,2019-2022
SX0153,Student 0153,D05,2019-2022
SX0154,Student 0154,D01,2019-2022
SX0155,Student 0155,D10,2019-2022
SX0156,Student 0156,D10,2019-2022
SX0157,Student 0157,D02,2019-2022
SX0158,Student 0158,D02,2019-2022
SX0159,Student 0159,D05,2019-2022
SX0160,Student 0160,D01,2019-2022
SX0161,Student 0161,D08,2019-2022
SX0162,Student 0162,D10,2019-2022
SX0163,Student 0163,D02,2019-2022
SX0164,Student 0164,D07,2019-2022
SX0165,Student 0165,D02,2019-2022
SX0166,Student 0166,D03,2019-2022
SX0167,Student 0167,D07,2019-2022
SX0168,Student 0168,D04,2019-2022
SX0169,Student 0169,D05,2019-2022
SX0170,Student 0170,D07,2019-2022
SX0171,Student 0171,D01,2019-2022
SX0172,Student 0172,D04,2019-2022
SX0173,Student 0173,D02,2019-2022
SX0174,Student 0174,D06,2019-2022
SX0175,Student 0175,D09,2019-2022
SX0176,Student 0176,D10,2019-2022
SX0177,Student 0177,D10,2019-2022
SX0178,Student 0178,D01,2019-2022
SX0179,Student 0179,D01,2019-2022
SX0180,Student 0180,D04,2019-2022
SX0181,Student 0181,D05,2019-2022
SX0182,Student 0182,D05,2019-2022
SX0183,Student 0183,D07,2019-2022
SX0184,Student 0184,D03,2019-2022
SX0185,Student 0185,D09,2019-2022
SX0186,Student 0186,D10,2019-2022
SX0187,Student 0187,D06,2019-2022
SX0188,Student 0188,D04,2019-2022
SX0189,Student 0189,D04,2019-2022
SX0190,Student 0190,D01,2019-2022
SX0191,Student 0191,D06,2019-2022
SX0192,Student 0192,D03,2019-2022
SX0193,Student 0193,D01,2019-2022
SX0194,Student 0194,D08,2019-2022
SX0195,Student 0195,D04,2019-2022
SX0196,Student 0196,D04,2019-2022
SX0197,Student 0197,D05,2019-2022
SX0198,Student 0198,D09,2019-2022
SX0199,Student 0199,D07,2019-2022
SX0200,Student 0200,D02,2019-2022
SX0201,Student 0201,D06,2019-2022
SX0202,Student 0202,D07,2019-2022
SX0203,Student 0203,D09,2019-2022
SX0204,Student 0204,D01,2019-2022
SX0205,Student 0205,D08,2019-2022
SX0206,Student 0206,D02,2019-2022
SX0207,Student 0207,D02,2019-2022
SX0208,Student 0208,D10,2019-2022
SX0209,Student 0209,D04,2019-2022
SX0210,Student 0210,D02,2019-2022
SX0211,Student 0211,D03,2019-2022
SX0212,Student 0212,D08,2019-2022
SX0213,Student 0213,D07,2019-2022
SX0214,Student 0214,D04,2019-2022
SX0215,Student 0215,D09,2019-2022
SX0216,Student 0216,D06,2019-2022
SX0217,Student 0217,D08,2019-2022
SX0218,Student 0218,D08,2019-2022
SX0219,Student 0219,D09,2019-2022
SX0220,Student 0220,D10,2019-2022
SX0221,Student 0221,D10,2019-2022
SX0222,Student 0222,D02,2019-2022
SX0223,Student 0223,D04,2019-2022
SX0224,Student 0224,D05,2019-2022
SX0225,Student 0225,D08,2019-2022
SX0226,Student 0226,D03,2019-2022
SX0227,Student 0227,D03,2019-2022
SX0228,Student 0228,D01,2019-2022
SX0229,Student 0229,D05,2019-2022
SX0230,Student 0230,D02,2019-2022
SX0231,Student 0231,D10,2019-2022
SX0232,Student 0232,D01,2019-2022
SX0233,Student 0233,D05,2019-2022
SX0234,Student 0234,D06,2019-2022
SX0235,Student 0235,D02,2019-2022
SX0236,Student 0236,D03,2019-2022
SX0237,Student 0237,D02,2019-2022
SX0238,Student 0238,D08,2019-2022
SX0239,Student 0239,D02,2019-2022
SX0240,Student 0240,D07,2019-2022
SX0241,Student 0241,D02,2019-2022
SX0242,Student 0242,D07,2019-2022
SX0243,Student 0243,D07,2019-2022
SX0244,Student 0244,D10,2019-2022
SX0245,Student 0245,D05,2019-2022
SX0246,Student 0246,D08,2019-2022
SX0247,Student 0247,D06,2019-2022
SX0248,Student 0248,D06,2019-2022
SX0249,Student 0249,D10,2019-2022
SX0250,Student 0250,D07,2019-2022
SX0251,Student 0251,D08,2019-2022
SX0252,Student 0252,D01,2019-2022
SX0253,Student 0253,D05,2019-2022
SX0254,Student 0254,D08,2019-2022
SX0255,Student 0255,D10,2019-2022
SX0256,Student 0256,D10,2019-2022
SX0257,Student 0257,D02,2019-2022
SX0258,Student 0258,D01,2019-2022
SX0259,Student 0259,D10,2019-2022
SX0260,Student 0260,D06,2019-2022
SX0261,Student 0261,D05,2019-2022
SX0262,Student 0262,D06,2019-2022
SX0263,Student 0263,D08,2019-2022
SX0264,Student 0264,D05,2019-2022
SX0265,Student 0265,D09,2019-2022
SX0266,Student 0266,D09,2019-2022
SX0267,Student 0267,D07,2019-2022
SX0268,Student 0268,D01,2019-2022
SX0269,Student 0269,D02,2019-2022
SX0270,Student 0270,D01,2019-2022
SX0271,Student 0271,D10,2019-2022
SX0272,Student 0272,D03,2019-2022
SX0273,Student 0273,D08,2019-2022
SX0274,Student 0274,D06,2019-2022
SX0275,Student 0275,D07,2019-2022
SX0276,Student 0276,D01,2019-2022
SX0277,Student 0277,D03,2019-2022
SX0278,Student 0278,D04,2019-2022
SX0279,Student 0279,D06,2019-2022
SX0280,Student 0280,D06,2019-2022
SX0281,Student 0281,D07,2019-2022
SX0282,Student 0282,D03,2019-2022
SX0283,Student 0283,D08,2019-2022
SX0284,Student 0284,D04,2019-2022
SX0285,Student 0285,D07,2019-2022
SX0286,Student 0286,D07,2019-2022
SX0287,Student 0287,D06,2019-2022
SX0288,Student 0288,D04,2019-2022
SX0289,Student 0289,D02,2019-2022
SX0290,Student 0290,D09,2019-2022
SX0291,Student 0291,D07,2019-2022
SX0292,Student 0292,D09,2019-2022
SX0293,Student 0293,D01,2019-2022
SX0294,Student 0294,D05,2019-2022
SX0295,Student 0295,D04,2019-2022
SX0296,Student 0296,D07,2019-2022
SX0297,Student 0297,D06,2019-2022
SX0298,Student 0298,D04,2019-2022
SX0299,Student 0299,D03,2019-2022
SX0300,Student 0300,D09,2019-2022
SX0301,Student 0301,D10,2019-2022
SX0302,Student 0302,D02,2019-2022
SX0303,Student 0303,D06,2019-2022
SX0304,Student 0304,D01,2019-2022
SX0305,Student 0305,D01,2019-2022
SX0306,Student 0306,D07,2019-2022
SX0307,Student 0307,D02,2019-2022
SX0308,Student 0308,D03,2019-2022
SX0309,Student 0309,D03,2019-2022
SX0310,Student 0310,D02,2019-2022
SX0311,Student 0311,D10,2019-2022
SX0312,Student 0312,D10,2019-2022
SX0313,Student 0313,D04,2019-2022
SX0314,Student 0314,D01,2019-2022
SX0315,Student 0315,D09,2019-2022
SX0316,Student 0316,D04,2019-2022
SX0317,Student 0317,D06,2019-2022
SX0318,Student 0318,D01,2019-2022
SX0319,Student 0319,D01,2019-2022
SX0320,Student 0320,D07,2019-2022
SX0321,Student 0321,D03,2019-2022
SX0322,Student 0322,D02,2019-2022
SX0323,Student 0323,D07,2019-2022
SX0324,Student 0324,D07,2019-2022
SX0325,Student 0325,D03,2019-2022
SX0326,Student 0326,D06,2019-2022
SX0327,Student 0327,D08,2019-2022
SX0328,Student 0328,D05,2019-2022
SX0329,Student 0329,D08,2019-2022
SX0330,Student 0330,D06,2019-2022
SX0331,Student 0331,D04,2020-2023
SX0332,Student 0332,D07,2020-2023
SX0333,Student 0333,D04,2020-2023
SX0334,Student 0334,D01,2020-2023
SX0335,Student 0335,D02,2020-2023
SX0336,Student 0336,D10,2020-2023
SX0337,Student 0337,D03,2020-2023
SX0338,Student 0338,D09,2020-2023
SX0339,Student 0339,D06,2020-2023
SX0340,Student 0340,D07,2020-2023
SX0341,Student 0341,D01,2020-2023
SX0342,Student 0342,D10,2020-2023
SX0343,Student 0343,D04,2020-2023
SX0344,Student 0344,D02,2020-2023
SX0345,Student 0345,D01,2020-2023
SX0346,Student 0346,D07,2020-2023
SX0347,Student 0347,D03,2020-2023
SX0348,Student 0348,D02,2020-2023
SX0349,Student 0349,D06,2020-2023
SX0350,Student 0350,D10,2020-2023
SX0351,Student 0351,D03,2020-2023
SX0352,Student 0352,D05,2020-2023
SX0353,Student 0353,D05,2020-2023
SX0354,Student 0354,D04,2020-2023
SX0355,Student 0355,D01,2020-2023
SX0356,Student 0356,D01,2020-2023
SX0357,Student 0357,D10,2020-2023
SX0358,Student 0358,D08,2020-2023
SX0359,Student 0359,D06,2020-2023
SX0360,Student 0360,D09,2020-2023
SX0361,Student 0361,D03,2020-2023
SX0362,Student 0362,D01,2020-2023
SX0363,Student 0363,D07,2020-2023
SX0364,Student 0364,D03,2020-2023
SX0365,Student 0365,D08,2020-2023
SX0366,Student 0366,D08,2020-2023
SX0367,Student 0367,D08,2020-2023
SX0368,Student 0368,D08,2020-2023
SX0369,Student 0369,D01,2020-2023
SX0370,Student 0370,D05,2020-2023
SX0371,Student 0371,D08,2020-2023
SX0372,Student 0372,D04,2020-2023
SX0373,Student 0373,D10,2020-2023
SX0374,Student 0374,D10,2020-2023
SX0375,Student 0375,D05,2020-2023
SX0376,Student 0376,D04,2020-2023
SX0377,Student 0377,D07,2020-2023
SX0378,Student 0378,D08,2020-2023
SX0379,Student 0379,D09,2020-2023
SX0380,Student 0380,D05,2020-2023
SX0381,Student 0381,D08,2020-2023
SX0382,Student 0382,D07,2020-2023
SX0383,Student 0383,D03,2020-2023
SX0384,Student 0384,D09,2020-2023
SX0385,Student 0385,D07,2020-2023
SX0386,Student 0386,D06,2020-2023
SX0387,Student 0387,D07,2020-2023
SX0388,Student 0388,D05,2020-2023
SX0389,Student 0389,D08,2020-2023
SX0390,Student 0390,D03,2020-2023
SX0391,Student 0391,D02,2020-2023
SX0392,Student 0392,D03,2020-2023
SX0393,Student 0393,D09,2020-2023
SX0394,Student 0394,D04,2020-2023
SX0395,Student 0395,D09,2020-2023
SX0396,Student 0396,D06,2020-2023
SX0397,Student 0397,D02,2020-2023
SX0398,Student 0398,D04,2020-2023
SX0399,Student 0399,D02,2020-2023
SX0400,Student 0400,D07,2020-2023
SX0401,Student 0401,D09,2020-2023
SX0402,Student 0402,D01,2020-2023
SX0403,Student 0403,D08,2020-2023
SX0404,Student 0404,D06,2020-2023
SX0405,Student 0405,D10,2020-2023
SX0406,Student 0406,D02,2020-2023
SX0407,Student 0407,D08,2020-2023
SX0408,Student 0408,D09,2020-2023
SX0409,Student 0409,D05,2020-2023
SX0410,Student 0410,D01,2020-2023
SX0411,Student 0411,D09,2020-2023
SX0412,Student 0412,D05,2020-2023
SX0413,Student 0413,D02,2020-2023
SX0414,Student 0414,D04,2020-2023
SX0415,Student 0415,D03,2020-2023
SX0416,Student 0416,D10,2020-2023
SX0417,Student 0417,D09,2020-2023
SX0418,Student 0418,D01,2020-2023
SX0419,Student 0419,D09,2020-2023
SX0420,Student 0420,D03,2020-2023
SX0421,Student 0421,D04,2020-2023
SX0422,Student 0422,D01,2020-2023
SX0423,Student 0423,D03,2020-2023
SX0424,Student 0424,D04,2020-2023
SX0425,Student 0425,D10,2020-2023
SX0426,Student 0426,D03,2020-2023
SX0427,Student 0427,D06,2020-2023
SX0428,Student 0428,D07,2020-2023
SX0429,Student 0429,D09,2020-2023
SX0430,Student 0430,D07,2020-2023
SX0431,Student 0431,D04,2020-2023
SX0432,Student 0432,D04,2020-2023
SX0433,Student 0433,D01,2020-2023
SX0434,Student 0434,D01,2020-2023
SX0435,Student 0435,D01,2020-2023
SX0436,Student 0436,D07,2020-2023
SX0437,Student 0437,D01,2020-2023
SX0438,Student 0438,D04,2020-2023
SX0439,Student 0439,D05,2020-2023
SX0440,Student 0440,D10,2020-2023
SX0441,Student 0441,D10,2020-2023
SX0442,Student 0442,D05,2020-2023
SX0443,Student 0443,D03,2020-2023
SX0444,Student 0444,D07,2020-2023
SX0445,Student 0445,D03,2020-2023
SX0446,Student 0446,D07,2020-2023
SX0447,Student 0447,D07,2020-2023
SX0448,Student 0448,D07,2020-2023
SX0449,Student 0449,D05,2020-2023
SX0450,Student 0450,D07,2020-2023
SX0451,Student 0451,D03,2020-2023
SX0452,Student 0452,D10,2020-2023
SX0453,Student 0453,D08,2020-2023
SX0454,Student 0454,D04,2020-2023
SX0455,Student 0455,D04,2020-2023
SX0456,Student 0456,D05,2020-2023
SX0457,Student 0457,D10,2020-2023
SX0458,Student 0458,D06,2020-2023
SX0459,Student 0459,D02,2020-2023
SX0460,Student 0460,D01,2020-2023
SX0461,Student 0461,D10,2020-2023
SX0462,Student 0462,D01,2020-2023
SX0463,Student 0463,D10,2020-2023
SX0464,Student 0464,D02,2020-2023
SX0465,Student 0465,D05,2020-2023
SX0466,Student 0466,D08,2020-2023
SX0467,Student 0467,D07,2020-2023
SX0468,Student 0468,D05,2020-2023
SX0469,Student 0469,D09,2020-2023
SX0470,Student 0470,D05,2020-2023
SX0471,Student 0471,D02,2020-2023
SX0472,Student 0472,D06,2020-2023
SX0473,Student 0473,D10,2020-2023
SX0474,Student 0474,D07,2020-2023
SX0475,Student 0475,D10,2020-2023
SX0476,Student 0476,D03,2020-2023
SX0477,Student 0477,D02,2020-2023
SX0478,Student 0478,D08,2020-2023
SX0479,Student 0479,D03,2020-2023
SX0480,Student 0480,D07,2020-2023
SX0481,Student 0481,D02,2020-2023
SX0482,Student 0482,D07,2020-2023
SX0483,Student 0483,D09,2020-2023
SX0484,Student 0484,D07,2020-2023
SX0485,Student 0485,D02,2020-2023
SX0486,Student 0486,D04,2020-2023
SX0487,Student 0487,D10,2020-2023
SX0488,Student 0488,D02,2020-2023
SX0489,Student 0489,D08,2020-2023
SX0490,Student 0490,D08,2020-2023
SX0491,Student 0491,D02,2020-2023
SX0492,Student 0492,D06,2020-2023
SX0493,Student 0493,D01,2020-2023
SX0494,Student 0494,D04,2020-2023
SX0495,Student 0495,D08,2020-2023
SX0496,Student 0496,D05,2020-2023
SX0497,Student 0497,D07,2020-2023
SX0498,Student 0498,D07,2020-2023
SX0499,Student 0499,D10,2020-2023
SX0500,Student 0500,D07,2020-2023
SX0501,Student 0501,D09,2020-2023
SX0502,Student 0502,D09,2020-2023
SX0503,Student 0503,D06,2020-2023
SX0504,Student 0504,D02,2020-2023
SX0505,Student 0505,D05,2020-2023
SX0506,Student 0506,D05,2020-2023
SX0507,Student 0507,D04,2020-2023
SX0508,Student 0508,D03,2020-2023
SX0509,Student 0509,D05,2020-2023
SX0510,Student 0510,D03,2020-2023
SX0511,Student 0511,D07,2020-2023
SX0512,Student 0512,D02,2020-2023
SX0513,Student 0513,D06,2020-2023
SX0514,Student 0514,D04,2020-2023
SX0515,Student 0515,D04,2020-2023
SX0516,Student 0516,D07,2020-2023
SX0517,Student 0517,D02,2020-2023
SX0518,Student 0518,D07,2020-2023
SX0519,Student 0519,D06,2020-2023
SX0520,Student 0520,D10,2020-2023
SX0521,Student 0521,D02,2020-2023
SX0522,Student 0522,D08,2020-2023
SX0523,Student 0523,D02,2020-2023
SX0524,Student 0524,D04,2020-2023
SX0525,Student 0525,D02,2020-2023
SX0526,Student 0526,D09,2020-2023
SX0527,Student 0527,D07,2020-2023
SX0528,Student 0528,D07,2020-2023
SX0529,Student 0529,D07,2020-2023
SX0530,Student 0530,D08,2020-2023
SX0531,Student 0531,D05,2020-2023
SX0532,Student 0532,D01,2020-2023
SX0533,Student 0533,D01,2020-2023
SX0534,Student 0534,D01,2020-2023
SX0535,Student 0535,D03,2020-2023
SX0536,Student 0536,D03,2020-2023
SX0537,Student 0537,D09,2020-2023
SX0538,Student 0538,D04,2020-2023
SX0539,Student 0539,D08,2020-2023
SX0540,Student 0540,D05,2020-2023
SX0541,Student 0541,D09,2020-2023
SX0542,Student 0542,D01,2020-2023
SX0543,Student 0543,D01,2020-2023
SX0544,Student 0544,D01,2020-2023
SX0545,Student 0545,D01,2020-2023
SX0546,Student 0546,D05,2020-2023
SX0547,Student 0547,D02,2020-2023
SX0548,Student 0548,D06,2020-2023
SX0549,Student 0549,D07,2020-2023
SX0550,Student 0550,D01,2020-2023
SX0551,Student 0551,D02,2020-2023
SX0552,Student 0552,D05,2020-2023
SX0553,Student 0553,D04,2020-2023
SX0554,Student 0554,D05,2020-2023
SX0555,Student 0555,D06,2020-2023
SX0556,Student 0556,D07,2020-2023
SX0557,Student 0557,D09,2020-2023
SX0558,Student 0558,D09,2020-2023
SX0559,Student 0559,D04,2020-2023
SX0560,Student 0560,D02,2020-2023
SX0561,Student 0561,D01,2020-2023
SX0562,Student 0562,D06,2020-2023
SX0563,Student 0563,D09,2020-2023
SX0564,Student 0564,D08,2020-2023
SX0565,Student 0565,D05,2020-2023
SX0566,Student 0566,D02,2020-2023
SX0567,Student 0567,D06,2020-2023
SX0568,Student 0568,D09,2020-2023
SX0569,Student 0569,D01,2020-2023
SX0570,Student 0570,D09,2020-2023
SX0571,Student 0571,D10,2020-2023
SX0572,Student 0572,D06,2020-2023
SX0573,Student 0573,D10,2020-2023
SX0574,Student 0574,D06,2020-2023
SX0575,Student 0575,D08,2020-2023
SX0576,Student 0576,D05,2020-2023
SX0577,Student 0577,D01,2020-2023
SX0578,Student 0578,D08,2020-2023
SX0579,Student 0579,D03,2020-2023
SX0580,Student 0580,D09,2020-2023
SX0581,Student 0581,D03,2020-2023
SX0582,Student 0582,D07,2020-2023
SX0583,Student 0583,D05,2020-2023
SX0584,Student 0584,D08,2020-2023
SX0585,Student 0585,D02,2020-2023
SX0586,Student 0586,D09,2020-2023
SX0587,Student 0587,D01,2020-2023
SX0588,Student 0588,D04,2020-2023
SX0589,Student 0589,D01,2020-2023
SX0590,Student 0590,D06,2020-2023
SX0591,Student 0591,D05,2020-2023
SX0592,Student 0592,D06,2020-2023
SX0593,Student 0593,D01,2020-2023
SX0594,Student 0594,D06,2020-2023
SX0595,Student 0595,D08,2020-2023
SX0596,Student 0596,D05,2020-2023
SX0597,Student 0597,D02,2020-2023
SX0598,Student 0598,D03,2020-2023
SX0599,Student 0599,D09,2020-2023
SX0600,Student 0600,D06,2020-2023
SX0601,Student 0601,D05,2020-2023
SX0602,Student 0602,D01,2020-2023
SX0603,Student 0603,D04,2020-2023
SX0604,Student 0604,D10,2020-2023
SX0605,Student 0605,D07,2020-2023
SX0606,Student 0606,D09,2020-2023
SX0607,Student 0607,D05,2020-2023
SX0608,Student 0608,D10,2020-2023
SX0609,Student 0609,D04,2020-2023
SX0610,Student 0610,D04,2020-2023
SX0611,Student 0611,D02,2020-2023
SX0612,Student 0612,D03,2020-2023
SX0613,Student 0613,D10,2020-2023
SX0614,Student 0614,D08,2020-2023
SX0615,Student 0615,D05,2020-2023
SX0616,Student 0616,D05,2020-2023
SX0617,Student 0617,D05,2020-2023
SX0618,Student 0618,D05,2020-2023
SX0619,Student 0619,D05,2020-2023
SX0620,Student 0620,D01,2020-2023
SX0621,Student 0621,D08,2020-2023
SX0622,Student 0622,D06,2020-2023
SX0623,Student 0623,D06,2020-2023
SX0624,Student 0624,D04,2020-2023
SX0625,Student 0625,D02,2020-2023
SX0626,Student 0626,D08,2020-2023
SX0627,Student 0627,D01,2020-2023
SX0628,Student 0628,D01,2020-2023
SX0629,Student 0629,D02,2020-2023
SX0630,Student 0630,D02,2020-2023
SX0631,Student 0631,D10,2020-2023
SX0632,Student 0632,D04,2020-2023
SX0633,Student 0633,D08,2020-2023
SX0634,Student 0634,D02,2020-2023
SX0635,Student 0635,D07,2020-2023
SX0636,Student 0636,D02,2020-2023
SX0637,Student 0637,D03,2020-2023
SX0638,Student 0638,D07,2020-2023
SX0639,Student 0639,D09,2020-2023
SX0640,Student 0640,D10,2020-2023
SX0641,Student 0641,D07,2020-2023
SX0642,Student 0642,D10,2020-2023
SX0643,Student 0643,D06,2020-2023
SX0644,Student 0644,D01,2020-2023
SX0645,Student 0645,D04,2020-2023
SX0646,Student 0646,D02,2020-2023
SX0647,Student 0647,D07,2020-2023
SX0648,Student 0648,D03,2020-2023
SX0649,Student 0649,D05,2020-2023
SX0650,Student 0650,D04,2020-2023
SX0651,Student 0651,D02,2020-2023
SX0652,Student 0652,D01,2020-2023
SX0653,Student 0653,D10,2020-2023
SX0654,Student 0654,D06,2020-2023
SX0655,Student 0655,D09,2020-2023
SX0656,Student 0656,D10,2020-2023
SX0657,Student 0657,D06,2020-2023
SX0658,Student 0658,D04,2020-2023
SX0659,Student 0659,D10,2020-2023
SX0660,Student 0660,D04,2020-2023
SX0661,Student 0661,D09,2021-2024
SX0662,Student 0662,D07,2021-2024
SX0663,Student 0663,D10,2021-2024
SX0664,Student 0664,D01,2021-2024
SX0665,Student 0665,D10,2021-2024
SX0666,Student 0666,D06,2021-2024
SX0667,Student 0667,D05,2021-2024
SX0668,Student 0668,D07,2021-2024
SX0669,Student 0669,D08,2021-2024
SX0670,Student 0670,D10,2021-2024
SX0671,Student 0671,D01,2021-2024
SX0672,Student 0672,D04,2021-2024
SX0673,Student 0673,D01,2021-2024
SX0674,Student 0674,D03,2021-2024
SX0675,Student 0675,D01,2021-2024
SX0676,Student 0676,D06,2021-2024
SX0677,Student 0677,D07,2021-2024
SX0678,Student 0678,D08,2021-2024
SX0679,Student 0679,D04,2021-2024
SX0680,Student 0680,D07,2021-2024
SX0681,Student 0681,D05,2021-2024
SX0682,Student 0682,D07,2021-2024
SX0683,Student 0683,D04,2021-2024
SX0684,Student 0684,D01,2021-2024
SX0685,Student 0685,D01,2021-2024
SX0686,Student 0686,D10,2021-2024
SX0687,Student 0687,D06,2021-2024
SX0688,Student 0688,D03,2021-2024
SX0689,Student 0689,D07,2021-2024
SX0690,Student 0690,D03,2021-2024
SX0691,Student 0691,D04,2021-2024
SX0692,Student 0692,D01,2021-2024
SX0693,Student 0693,D05,2021-2024
SX0694,Student 0694,D06,2021-2024
SX0695,Student 0695,D10,2021-2024
SX0696,Student 0696,D08,2021-2024
SX0697,Student 0697,D03,2021-2024
SX0698,Student 0698,D04,2021-2024
SX0699,Student 0699,D02,2021-2024
SX0700,Student 0700,D09,2021-2024
SX0701,Student 0701,D07,2021-2024
SX0702,Student 0702,D05,2021-2024
SX0703,Student 0703,D09,2021-2024
SX0704,Student 0704,D08,2021-2024
SX0705,Student 0705,D07,2021-2024
SX0706,Student 0706,D01,2021-2024
SX0707,Student 0707,D02,2021-2024
SX0708,Student 0708,D08,2021-2024
SX0709,Student 0709,D08,2021-2024
SX0710,Student 0710,D02,2021-2024
SX0711,Student 0711,D09,2021-2024
SX0712,Student 0712,D10,2021-2024
SX0713,Student 0713,D05,2021-2024
SX0714,Student 0714,D09,2021-2024
SX0715,Student 0715,D04,2021-2024
SX0716,Student 0716,D01,2021-2024
SX0717,Student 0717,D10,2021-2024
SX0718,Student 0718,D09,2021-2024
SX0719,Student 0719,D08,2021-2024
SX0720,Student 0720,D08,2021-2024
SX0721,Student 0721,D03,2021-2024
SX0722,Student 0722,D06,2021-2024
SX0723,Student 0723,D10,2021-2024
SX0724,Student 0724,D02,2021-2024
SX0725,Student 0725,D04,2021-2024
SX0726,Student 0726,D08,2021-2024
SX0727,Student 0727,D07,2021-2024
SX0728,Student 0728,D02,2021-2024
SX0729,Student 0729,D10,2021-2024
SX0730,Student 0730,D07,2021-2024
SX0731,Student 0731,D04,2021-2024
SX0732,Student 0732,D09,2021-2024
SX0733,Student 0733,D03,2021-2024
SX0734,Student 0734,D02,2021-2024
SX0735,Student 0735,D04,2021-2024
SX0736,Student 0736,D10,2021-2024
SX0737,Student 0737,D07,2021-2024
SX0738,Student 0738,D06,2021-2024
SX0739,Student 0739,D04,2021-2024
SX0740,Student 0740,D09,2021-2024
SX0741,Student 0741,D03,2021-2024
SX0742,Student 0742,D10,2021-2024
SX0743,Student 0743,D05,2021-2024
SX0744,Student 0744,D10,2021-2024
SX0745,Student 0745,D08,2021-2024
SX0746,Student 0746,D01,2021-2024
SX0747,Student 0747,D05,2021-2024
SX0748,Student 0748,D05,2021-2024
SX0749,Student 0749,D08,2021-2024
SX0750,Student 0750,D04,2021-2024
SX0751,Student 0751,D05,2021-2024
SX0752,Student 0752,D08,2021-2024
SX0753,Student 0753,D09,2021-2024
SX0754,Student 0754,D05,2021-2024
SX0755,Student 0755,D01,2021-2024
SX0756,Student 0756,D07,2021-2024
SX0757,Student 0757,D04,2021-2024
SX0758,Student 0758,D04,2021-2024
SX0759,Student 0759,D06,2021-2024
SX0760,Student 0760,D06,2021-2024
SX0761,Student 0761,D07,2021-2024
SX0762,Student 0762,D08,2021-2024
SX0763,Student 0763,D10,2021-2024
SX0764,Student 0764,D01,2021-2024
SX0765,Student 0765,D06,2021-2024
SX0766,Student 0766,D02,2021-2024
SX0767,Student 0767,D01,2021-2024
SX0768,Student 0768,D08,2021-2024
SX0769,Student 0769,D06,2021-2024
SX0770,Student 0770,D05,2021-2024
SX0771,Student 0771,D01,2021-2024
SX0772,Student 0772,D02,2021-2024
SX0773,Student 0773,D08,2021-2024
SX0774,Student 0774,D08,2021-2024
SX0775,Student 0775,D01,2021-2024
SX0776,Student 0776,D03,2021-2024
SX0777,Student 0777,D02,2021-2024
SX0778,Student 0778,D07,2021-2024
SX0779,Student 0779,D03,2021-2024
SX0780,Student 0780,D07,2021-2024
SX0781,Student 0781,D03,2021-2024
SX0782,Student 0782,D01,2021-2024
SX0783,Student 0783,D02,2021-2024
SX0784,Student 0784,D05,2021-2024
SX0785,Student 0785,D01,2021-2024
SX0786,Student 0786,D05,2021-2024
SX0787,Student 0787,D10,2021-2024
SX0788,Student 0788,D03,2021-2024
SX0789,Student 0789,D05,2021-2024
SX0790,Student 0790,D09,2021-2024
SX0791,Student 0791,D10,2021-2024
SX0792,Student 0792,D03,2021-2024
SX0793,Student 0793,D03,2021-2024
SX0794,Student 0794,D08,2021-2024
SX0795,Student 0795,D05,2021-2024
SX0796,Student 0796,D06,2021-2024
SX0797,Student 0797,D09,2021-2024
SX0798,Student 0798,D07,2021-2024
SX0799,Student 0799,D08,2021-2024
SX0800,Student 0800,D07,2021-2024
SX0801,Student 0801,D07,2021-2024
SX0802,Student 0802,D05,2021-2024
SX0803,Student 0803,D02,2021-2024
SX0804,Student 0804,D04,2021-2024
SX0805,Student 0805,D10,2021-2024
SX0806,Student 0806,D06,2021-2024
SX0807,Student 0807,D02,2021-2024
SX0808,Student 0808,D07,2021-2024
SX0809,Student 0809,D02,2021-2024
SX0810,Student 0810,D01,2021-2024
SX0811,Student 0811,D09,2021-2024
SX0812,Student 0812,D07,2021-2024
SX0813,Student 0813,D01,2021-2024
SX0814,Student 0814,D04,2021-2024
SX0815,Student 0815,D07,2021-2024
SX0816,Student 0816,D05,2021-2024
SX0817,Student 0817,D08,2021-2024
SX0818,Student 0818,D08,2021-2024
SX0819,Student 0819,D01,2021-2024
SX0820,Student 0820,D04,2021-2024
SX0821,Student 0821,D01,2021-2024
SX0822,Student 0822,D02,2021-2024
SX0823,Student 0823,D03,2021-2024
SX0824,Student 0824,D03,2021-2024
SX0825,Student 0825,D02,2021-2024
SX0826,Student 0826,D05,2021-2024
SX0827,Student 0827,D09,2021-2024
SX0828,Student 0828,D09,2021-2024
SX0829,Student 0829,D05,2021-2024
SX0830,Student 0830,D09,2021-2024
SX0831,Student 0831,D01,2021-2024
SX0832,Student 0832,D01,2021-2024
SX0833,Student 0833,D04,2021-2024
SX0834,Student 0834,D10,2021-2024
SX0835,Student 0835,D06,2021-2024
SX0836,Student 0836,D10,2021-2024
SX0837,Student 0837,D02,2021-2024
SX0838,Student 0838,D03,2021-2024
SX0839,Student 0839,D07,2021-2024
SX0840,Student 0840,D07,2021-2024
SX0841,Student 0841,D10,2021-2024
SX0842,Student 0842,D05,2021-2024
SX0843,Student 0843,D02,2021-2024
SX0844,Student 0844,D10,2021-2024
SX0845,Student 0845,D04,2021-2024
SX0846,Student 0846,D01,2021-2024
SX0847,Student 0847,D06,2021-2024
SX0848,Student 0848,D04,2021-2024
SX0849,Student 0849,D10,2021-2024
SX0850,Student 0850,D01,2021-2024
SX0851,Student 0851,D10,2021-2024
SX0852,Student 0852,D08,2021-2024
SX0853,Student 0853,D08,2021-2024
SX0854,Student 0854,D01,2021-2024
SX0855,Student 0855,D01,2021-2024
SX0856,Student 0856,D06,2021-2024
SX0857,Student 0857,D10,2021-2024
SX0858,Student 0858,D08,2021-2024
SX0859,Student 0859,D09,2021-2024
SX0860,Student 0860,D10,2021-2024
SX0861,Student 0861,D07,2021-2024
SX0862,Student 0862,D08,2021-2024
SX0863,Student 0863,D10,2021-2024
SX0864,Student 0864,D04,2021-2024
SX0865,Student 0865,D02,2021-2024
SX0866,Student 0866,D10,2021-2024
SX0867,Student 0867,D09,2021-2024
SX0868,Student 0868,D01,2021-2024
SX0869,Student 0869,D08,2021-2024
SX0870,Student 0870,D06,2021-2024
SX0871,Student 0871,D01,2021-2024
SX0872,Student 0872,D07,2021-2024
SX0873,Student 0873,D05,2021-2024
SX0874,Student 0874,D02,2021-2024
SX0875,Student 0875,D01,2021-2024
SX0876,Student 0876,D09,2021-2024
SX0877,Student 0877,D03,2021-2024
SX0878,Student 0878,D08,2021-2024
SX0879,Student 0879,D09,2021-2024
SX0880,Student 0880,D07,2021-2024
SX0881,Student 0881,D09,2021-2024
SX0882,Student 0882,D07,2021-2024
SX0883,Student 0883,D01,2021-2024
SX0884,Student 0884,D04,2021-2024
SX0885,Student 0885,D07,2021-2024
SX0886,Student 0886,D09,2021-2024
SX0887,Student 0887,D04,2021-2024
SX0888,Student 0888,D05,2021-2024
SX0889,Student 0889,D04,2021-2024
SX0890,Student 0890,D02,2021-2024
SX0891,Student 0891,D07,2021-2024
SX0892,Student 0892,D09,2021-2024
SX0893,Student 0893,D08,2021-2024
SX0894,Student 0894,D07,2021-2024
SX0895,Student 0895,D01,2021-2024
SX0896,Student 0896,D01,2021-2024
SX0897,Student 0897,D01,2021-2024
SX0898,Student 0898,D09,2021-2024
SX0899,Student 0899,D03,2021-2024
SX0900,Student 0900,D02,2021-2024
SX0901,Student 0901,D01,2021-2024
SX0902,Student 0902,D07,2021-2024
SX0903,Student 0903,D08,2021-2024
SX0904,Student 0904,D07,2021-2024
SX0905,Student 0905,D04,2021-2024
SX0906,Student 0906,D04,2021-2024
SX0907,Student 0907,D04,2021-2024
SX0908,Student 0908,D07,2021-2024
SX0909,Student 0909,D10,2021-2024
SX0910,Student 0910,D09,2021-2024
SX0911,Student 0911,D04,2021-2024
SX0912,Student 0912,D08,2021-2024
SX0913,Student 0913,D02,2021-2024
SX0914,Student 0914,D06,2021-2024
SX0915,Student 0915,D01,2021-2024
SX0916,Student 0916,D07,2021-2024
SX0917,Student 0917,D09,2021-2024
SX0918,Student 0918,D08,2021-2024
SX0919,Student 0919,D01,2021-2024
SX0920,Student 0920,D10,2021-2024
SX0921,Student 0921,D02,2021-2024
SX0922,Student 0922,D08,2021-2024
SX0923,Student 0923,D01,2021-2024
SX0924,Student 0924,D01,2021-2024
SX0925,Student 0925,D08,2021-2024
SX0926,Student 0926,D04,2021-2024
SX0927,Student 0927,D08,2021-2024
SX0928,Student 0928,D10,2021-2024
SX0929,Student 0929,D02,2021-2024
SX0930,Student 0930,D08,2021-2024
SX0931,Student 0931,D06,2021-2024
SX0932,Student 0932,D07,2021-2024
SX0933,Student 0933,D10,2021-2024
SX0934,Student 0934,D03,2021-2024
SX0935,Student 0935,D07,2021-2024
SX0936,Student 0936,D10,2021-2024
SX0937,Student 0937,D01,2021-2024
SX0938,Student 0938,D01,2021-2024
SX0939,Student 0939,D03,2021-2024
SX0940,Student 0940,D04,2021-2024
SX0941,Student 0941,D04,2021-2024
SX0942,Student 0942,D09,2021-2024
SX0943,Student 0943,D09,2021-2024
SX0944,Student 0944,D06,2021-2024
SX0945,Student 0945,D01,2021-2024
SX0946,Student 0946,D06,2021-2024
SX0947,Student 0947,D04,2021-2024
SX0948,Student 0948,D04,2021-2024
SX0949,Student 0949,D10,2021-2024
SX0950,Student 0950,D08,2021-2024
SX0951,Student 0951,D04,2021-2024
SX0952,Student 0952,D10,2021-2024
SX0953,Student 0953,D08,2021-2024
SX0954,Student 0954,D07,2021-2024
SX0955,Student 0955,D10,2021-2024
SX0956,Student 0956,D05,2021-2024
SX0957,Student 0957,D09,2021-2024
SX0958,Student 0958,D01,2021-2024
SX0959,Student 0959,D03,2021-2024
SX0960,Student 0960,D05,2021-2024
SX0961,Student 0961,D10,2021-2024
SX0962,Student 0962,D04,2021-2024
SX0963,Student 0963,D04,2021-2024
SX0964,Student 0964,D08,2021-2024
SX0965,Student 0965,D01,2021-2024
SX0966,Student 0966,D08,2021-2024
SX0967,Student 0967,D07,2021-2024
SX0968,Student 0968,D04,2021-2024
SX0969,Student 0969,D04,2021-2024
SX0970,Student 0970,D07,2021-2024
SX0971,Student 0971,D10,2021-2024
SX0972,Student 0972,D07,2021-2024
SX0973,Student 0973,D08,2021-2024
SX0974,Student 0974,D08,2021-2024
SX0975,Student 0975,D09,2021-2024
SX0976,Student 0976,D07,2021-2024
SX0977,Student 0977,D08,2021-2024
SX0978,Student 0978,D09,2021-2024
SX0979,Student 0979,D10,2021-2024
SX0980,Student 0980,D07,2021-2024
SX0981,Student 0981,D07,2021-2024
SX0982,Student 0982,D01,2021-2024
SX0983,Student 0983,D05,2021-2024
SX0984,Student 0984,D01,2021-2024
SX0985,Student 0985,D02,2021-2024
SX0986,Student 0986,D02,2021-2024
SX0987,Student 0987,D03,2021-2024
SX0988,Student 0988,D02,2021-2024
SX0989,Student 0989,D07,2021-2024
SX0990,Student 0990,D01,2021-2024
SX0991,Student 0991,D04,2022-2025
SX0992,Student 0992,D02,2022-2025
SX0993,Student 0993,D03,2022-2025
SX0994,Student 0994,D10,2022-2025
SX0995,Student 0995,D09,2022-2025
SX0996,Student 0996,D05,2022-2025
SX0997,Student 0997,D05,2022-2025
SX0998,Student 0998,D02,2022-2025
SX0999,Student 0999,D07,2022-2025
SX1000,Student 1000,D07,2022-2025
SX1001,Student 1001,D08,2022-2025
SX1002,Student 1002,D10,2022-2025
SX1003,Student 1003,D01,2022-2025
SX1004,Student 1004,D04,2022-2025
SX1005,Student 1005,D08,2022-2025
SX1006,Student 1006,D10,2022-2025
SX1007,Student 1007,D05,2022-2025
SX1008,Student 1008,D04,2022-2025
SX1009,Student 1009,D06,2022-2025
SX1010,Student 1010,D04,2022-2025
SX1011,Student 1011,D09,2022-2025
SX1012,Student 1012,D04,2022-2025
SX1013,Student 1013,D01,2022-2025
SX1014,Student 1014,D06,2022-2025
SX1015,Student 1015,D08,2022-2025
SX1016,Student 1016,D02,2022-2025
SX1017,Student 1017,D10,2022-2025
SX1018,Student 1018,D08,2022-2025
SX1019,Student 1019,D04,2022-2025
SX1020,Student 1020,D06,2022-2025
SX1021,Student 1021,D01,2022-2025
SX1022,Student 1022,D08,2022-2025
SX1023,Student 1023,D10,2022-2025
SX1024,Student 1024,D08,2022-2025
SX1025,Student 1025,D04,2022-2025
SX1026,Student 1026,D10,2022-2025
SX1027,Student 1027,D10,2022-2025
SX1028,Student 1028,D01,2022-2025
SX1029,Student 1029,D09,2022-2025
SX1030,Student 1030,D01,2022-2025
SX1031,Student 1031,D01,2022-2025
SX1032,Student 1032,D04,2022-2025
SX1033,Student 1033,D10,2022-2025
SX1034,Student 1034,D08,2022-2025
SX1035,Student 1035,D07,2022-2025
SX1036,Student 1036,D04,2022-2025
SX1037,Student 1037,D09,2022-2025
SX1038,Student 1038,D05,2022-2025
SX1039,Student 1039,D06,2022-2025
SX1040,Student 1040,D09,2022-2025
SX1041,Student 1041,D03,2022-2025
SX1042,Student 1042,D03,2022-2025
SX1043,Student 1043,D02,2022-2025
SX1044,Student 1044,D02,2022-2025
SX1045,Student 1045,D10,2022-2025
SX1046,Student 1046,D04,2022-2025
SX1047,Student 1047,D10,2022-2025
SX1048,Student 1048,D06,2022-2025
SX1049,Student 1049,D01,2022-2025
SX1050,Student 1050,D10,2022-2025
SX1051,Student 1051,D02,2022-2025
SX1052,Student 1052,D07,2022-2025
SX1053,Student 1053,D07,2022-2025
SX1054,Student 1054,D01,2022-2025
SX1055,Student 1055,D03,2022-2025
SX1056,Student 1056,D04,2022-2025
SX1057,Student 1057,D05,2022-2025
SX1058,Student 1058,D05,2022-2025
SX1059,Student 1059,D03,2022-2025
SX1060,Student 1060,D01,2022-2025
SX1061,Student 1061,D04,2022-2025
SX1062,Student 1062,D02,2022-2025
SX1063,Student 1063,D08,2022-2025
SX1064,Student 1064,D03,2022-2025
SX1065,Student 1065,D08,2022-2025
SX1066,Student 1066,D05,2022-2025
SX1067,Student 1067,D07,2022-2025
SX1068,Student 1068,D01,2022-2025
SX1069,Student 1069,D07,2022-2025
SX1070,Student 1070,D10,2022-2025
SX1071,Student 1071,D04,2022-2025
SX1072,Student 1072,D02,2022-2025
SX1073,Student 1073,D05,2022-2025
SX1074,Student 1074,D03,2022-2025
SX1075,Student 1075,D06,2022-2025
SX1076,Student 1076,D09,2022-2025
SX1077,Student 1077,D08,2022-2025
SX1078,Student 1078,D08,2022-2025
SX1079,Student 1079,D07,2022-2025
SX1080,Student 1080,D01,2022-2025
SX1081,Student 1081,D04,2022-2025
SX1082,Student 1082,D03,2022-2025
SX1083,Student 1083,D06,2022-2025
SX1084,Student 1084,D10,2022-2025
SX1085,Student 1085,D07,2022-2025
SX1086,Student 1086,D02,2022-2025
SX1087,Student 1087,D08,2022-2025
SX1088,Student 1088,D01,2022-2025
SX1089,Student 1089,D05,2022-2025
SX1090,Student 1090,D03,2022-2025
SX1091,Student 1091,D04,2022-2025
SX1092,Student 1092,D04,2022-2025
SX1093,Student 1093,D09,2022-2025
SX1094,Student 1094,D10,2022-2025
SX1095,Student 1095,D06,2022-2025
SX1096,Student 1096,D02,2022-2025
SX1097,Student 1097,D04,2022-2025
SX1098,Student 1098,D10,2022-2025
SX1099,Student 1099,D07,2022-2025
SX1100,Student 1100,D05,2022-2025
SX1101,Student 1101,D08,2022-2025
SX1102,Student 1102,D07,2022-2025
SX1103,Student 1103,D01,2022-2025
SX1104,Student 1104,D07,2022-2025
SX1105,Student 1105,D02,2022-2025
SX1106,Student 1106,D01,2022-2025
SX1107,Student 1107,D08,2022-2025
SX1108,Student 1108,D01,2022-2025
SX1109,Student 1109,D02,2022-2025
SX1110,Student 1110,D03,2022-2025
SX1111,Student 1111,D04,2022-2025
SX1112,Student 1112,D06,2022-2025
SX1113,Student 1113,D08,2022-2025
SX1114,Student 1114,D08,2022-2025
SX1115,Student 1115,D04,2022-2025
SX1116,Student 1116,D08,2022-2025
SX1117,Student 1117,D02,2022-2025
SX1118,Student 1118,D05,2022-2025
SX1119,Student 1119,D08,2022-2025
SX1120,Student 1120,D05,2022-2025
SX1121,Student 1121,D09,2022-2025
SX1122,Student 1122,D07,2022-2025
SX1123,Student 1123,D07,2022-2025
SX1124,Student 1124,D04,2022-2025
SX1125,Student 1125,D05,2022-2025
SX1126,Student 1126,D01,2022-2025
SX1127,Student 1127,D06,2022-2025
SX1128,Student 1128,D06,2022-2025
SX1129,Student 1129,D08,2022-2025
SX1130,Student 1130,D04,2022-2025
SX1131,Student 1131,D01,2022-2025
SX1132,Student 1132,D09,2022-2025
SX1133,Student 1133,D08,2022-2025
SX1134,Student 1134,D10,2022-2025
SX1135,Student 1135,D03,2022-2025
SX1136,Student 1136,D04,2022-2025
SX1137,Student 1137,D01,2022-2025
SX1138,Student 1138,D05,2022-2025
SX1139,Student 1139,D05,2022-2025
SX1140,Student 1140,D08,2022-2025
SX1141,Student 1141,D05,2022-2025
SX1142,Student 1142,D06,2022-2025
SX1143,Student 1143,D06,2022-2025
SX1144,Student 1144,D03,2022-2025
SX1145,Student 1145,D07,2022-2025
SX1146,Student 1146,D08,2022-2025
SX1147,Student 1147,D03,2022-2025
SX1148,Student 1148,D04,2022-2025
SX1149,Student 1149,D10,2022-2025
SX1150,Student 1150,D05,2022-2025
SX1151,Student 1151,D08,2022-2025
SX1152,Student 1152,D08,2022-2025
SX1153,Student 1153,D04,2022-2025
SX1154,Student 1154,D05,2022-2025
SX1155,Student 1155,D03,2022-2025
SX1156,Student 1156,D10,2022-2025
SX1157,Student 1157,D08,2022-2025
SX1158,Student 1158,D01,2022-2025
SX1159,Student 1159,D09,2022-2025
SX1160,Student 1160,D03,2022-2025
SX1161,Student 1161,D02,2022-2025
SX1162,Student 1162,D10,2022-2025
SX1163,Student 1163,D03,2022-2025
SX1164,Student 1164,D06,2022-2025
SX1165,Student 1165,D04,2022-2025
SX1166,Student 1166,D07,2022-2025
SX1167,Student 1167,D04,2022-2025
SX1168,Student 1168,D08,2022-2025
SX1169,Student 1169,D02,2022-2025
SX1170,Student 1170,D04,2022-2025
SX1171,Student 1171,D08,2022-2025
SX1172,Student 1172,D07,2022-2025
SX1173,Student 1173,D02,2022-2025
SX1174,Student 1174,D04,2022-2025
SX1175,Student 1175,D09,2022-2025
SX1176,Student 1176,D01,2022-2025
SX1177,Student 1177,D07,2022-2025
SX1178,Student 1178,D01,2022-2025
SX1179,Student 1179,D06,2022-2025
SX1180,Student 1180,D03,2022-2025
SX1181,Student 1181,D04,2022-2025
SX1182,Student 1182,D04,2022-2025
SX1183,Student 1183,D10,2022-2025
SX1184,Student 1184,D04,2022-2025
SX1185,Student 1185,D07,2022-2025
SX1186,Student 1186,D01,2022-2025
SX1187,Student 1187,D01,2022-2025
SX1188,Student 1188,D09,2022-2025
SX1189,Student 1189,D06,2022-2025
SX1190,Student 1190,D01,2022-2025
SX1191,Student 1191,D04,2022-2025
SX1192,Student 1192,D06,2022-2025
SX1193,Student 1193,D04,2022-2025
SX1194,Student 1194,D04,2022-2025
SX1195,Student 1195,D06,2022-2025
SX1196,Student 1196,D04,2022-2025
SX1197,Student 1197,D02,2022-2025
SX1198,Student 1198,D08,2022-2025
SX1199,Student 1199,D06,2022-2025
SX1200,Student 1200,D02,2022-2025
SX1201,Student 1201,D08,2022-2025
SX1202,Student 1202,D01,2022-2025
SX1203,Student 1203,D05,2022-2025
SX1204,Student 1204,D03,2022-2025
SX1205,Student 1205,D03,2022-2025
SX1206,Student 1206,D03,2022-2025
SX1207,Student 1207,D08,2022-2025
SX1208,Student 1208,D07,2022-2025
SX1209,Student 1209,D07,2022-2025
SX1210,Student 1210,D03,2022-2025
SX1211,Student 1211,D04,2022-2025
SX1212,Student 1212,D03,2022-2025
SX1213,Student 1213,D04,2022-2025
SX1214,Student 1214,D07,2022-2025
SX1215,Student 1215,D08,2022-2025
SX1216,Student 1216,D07,2022-2025
SX1217,Student 1217,D06,2022-2025
SX1218,Student 1218,D08,2022-2025
SX1219,Student 1219,D05,2022-2025
SX1220,Student 1220,D09,2022-2025
SX1221,Student 1221,D02,2022-2025
SX1222,Student 1222,D02,2022-2025
SX1223,Student 1223,D02,2022-2025
SX1224,Student 1224,D01,2022-2025
SX1225,Student 1225,D03,2022-2025
SX1226,Student 1226,D02,2022-2025
SX1227,Student 1227,D01,2022-2025
SX1228,Student 1228,D10,2022-2025
SX1229,Student 1229,D10,2022-2025
SX1230,Student 1230,D02,2022-2025
SX1231,Student 1231,D05,2022-2025
SX1232,Student 1232,D04,2022-2025
SX1233,Student 1233,D01,2022-2025
SX1234,Student 1234,D01,2022-2025
SX1235,Student 1235,D09,2022-2025
SX1236,Student 1236,D05,2022-2025
SX1237,Student 1237,D02,2022-2025
SX1238,Student 1238,D09,2022-2025
SX1239,Student 1239,D04,2022-2025
SX1240,Student 1240,D04,2022-2025
SX1241,Student 1241,D03,2022-2025
SX1242,Student 1242,D08,2022-2025
SX1243,Student 1243,D07,2022-2025
SX1244,Student 1244,D04,2022-2025
SX1245,Student 1245,D01,2022-2025
SX1246,Student 1246,D03,2022-2025
SX1247,Student 1247,D06,2022-2025
SX1248,Student 1248,D01,2022-2025
SX1249,Student 1249,D04,2022-2025
SX1250,Student 1250,D10,2022-2025
SX1251,Student 1251,D07,2022-2025
SX1252,Student 1252,D10,2022-2025
SX1253,Student 1253,D02,2022-2025
SX1254,Student 1254,D06,2022-2025
SX1255,Student 1255,D01,2022-2025
SX1256,Student 1256,D08,2022-2025
SX1257,Student 1257,D06,2022-2025
SX1258,Student 1258,D01,2022-2025
SX1259,Student 1259,D08,2022-2025
SX1260,Student 1260,D08,2022-2025
SX1261,Student 1261,D02,2022-2025
SX1262,Student 1262,D08,2022-2025
SX1263,Student 1263,D04,2022-2025
SX1264,Student 1264,D01,2022-2025
SX1265,Student 1265,D03,2022-2025
SX1266,Student 1266,D03,2022-2025
SX1267,Student 1267,D08,2022-2025
SX1268,Student 1268,D04,2022-2025
SX1269,Student 1269,D01,2022-2025
SX1270,Student 1270,D08,2022-2025
SX1271,Student 1271,D02,2022-2025
SX1272,Student 1272,D03,2022-2025
SX1273,Student 1273,D07,2022-2025
SX1274,Student 1274,D02,2022-2025
SX1275,Student 1275,D08,2022-2025
SX1276,Student 1276,D01,2022-2025
SX1277,Student 1277,D10,2022-2025
SX1278,Student 1278,D01,2022-2025
SX1279,Student 1279,D02,2022-2025
SX1280,Student 1280,D04,2022-2025
SX1281,Student 1281,D03,2022-2025
SX1282,Student 1282,D04,2022-2025
SX1283,Student 1283,D05,2022-2025
SX1284,Student 1284,D08,2022-2025
SX1285,Student 1285,D09,2022-2025
SX1286,Student 1286,D08,2022-2025
SX1287,Student 1287,D10,2022-2025
SX1288,Student 1288,D01,2022-2025
SX1289,Student 1289,D02,2022-2025
SX1290,Student 1290,D03,2022-2025
SX1291,Student 1291,D09,2022-2025
SX1292,Student 1292,D09,2022-2025
SX1293,Student 1293,D03,2022-2025
SX1294,Student 1294,D01,2022-2025
SX1295,Student 1295,D01,2022-2025
SX1296,Student 1296,D04,2022-2025
SX1297,Student 1297,D02,2022-2025
SX1298,Student 1298,D10,2022-2025
SX1299,Student 1299,D10,2022-2025
SX1300,Student 1300,D02,2022-2025
SX1301,Student 1301,D09,2022-2025
SX1302,Student 1302,D01,2022-2025
SX1303,Student 1303,D10,2022-2025
SX1304,Student 1304,D06,2022-2025
SX1305,Student 1305,D06,2022-2025
SX1306,Student 1306,D10,2022-2025
SX1307,Student 1307,D01,2022-2025
SX1308,Student 1308,D02,2022-2025
SX1309,Student 1309,D01,2022-2025
SX1310,Student 1310,D08,2022-2025
SX1311,Student 1311,D10,2022-2025
SX1312,Student 1312,D06,2022-2025
SX1313,Student 1313,D10,2022-2025
SX1314,Student 1314,D08,2022-2025
SX1315,Student 1315,D03,2022-2025
SX1316,Student 1316,D06,2022-2025
SX1317,Student 1317,D07,2022-2025
SX1318,Student 1318,D01,2022-2025
SX1319,Student 1319,D06,2022-2025
SX1320,Student 1320,D05,2022-2025
